ID,Speaker,Type,Citation contexte (FR),Référence trad. CALQUE (EN),Référence trad. IDIOMATIC (EN),whisper_fr,xlsr_fr,whisper_en_per_seg,whisper_en_cont,xlsr_en,n_segs,segments,audio_start_s
L01,spk1,gauche,moi ma voiture elle est garée dans la rue,me my car it is parked in the street,my car is parked in the street,"Moi, ma voiture, elle est garée dans la rue.",ma voiture eles garide dans la rue,My car is parked in the street.,my car is parked in the street,"my car, my car and the street’s cars and the road’s in the street.",1,seg_0007,14.68
L02,spk2,gauche,le deux-roues ça ne vous déplairait pas,a two-wheeler that would not displease you,would you not mind a two-wheeler,"Le deux routes, vous ne déplérez pas ?",e de routeça vous déplairait pas,You won't dislike the two roads.,"And the two routes, you won't dislike?",The two roads will not displease you.,1,seg_0047,138.62
L03,spk1,gauche,puisque moi voilà je peux me dire mais je viens te chercher,because me I can say to myself but I will come pick you up,because I can say to myself but I will come pick you up,"puisque je peux me dire, mais je viens de chercher",puisque mo volà je peux me dire je vienes de chercher ,Because I can tell myself... ,"Because I can tell myself, but I just got here, you're late, you'll be... but I just got here, you're late, you'll be... ","No, no, they love walking... since they love to walk... well, well, I can say that... well... I love walking.... that she love walking! Well, you can call her... “walk walking walking... ”.... I can call herself “walk.... “... ”... “no, “......”... “s calling... “No, ”......... “do Walking......... “...... walking...... ” —... “.........?...... Oh, “....... walking...............”......“.......... for nothing...... for...... For......for......des.............. –...... women......nice...... March...... marches...... march...... because...... she...... is...... sleeping walking... for walking...? Well,...... oh,...... for...... walk...... since......cady...... shopping...... while...... -...... che...... Well...... I......can...... saying...... That...... Can call me...... what......say......Can......that......mine...... So......you can... call...... Cannes......de......sordon...... Desno......but......maybe......play...... then......yes...... Since...... Mother......of......is......now...... why......watch...... cause......sof......to......dodo......so......Well......if......persom......and......from......no...desdesdes...for-......the......not......by......other......thanno...nono...No......Don......No....nothing......or......stop......se......good......while......stin......well......me......I can......some......fa......fe......l......was......my......with......spece......her......it......all......she......lando......then......what......change......s...nomore......one......this......com......minu......un......bet......just......les......ther......let......how......word......sou......said......menu......be I am coming to look for me, you will be late late late, late late — there you go, there you — You’ll be late — late — soon — You will be there — Here — There you — — I will come late late. If I am looking for you, you late late early, you are late late! You — — You — That — So, there it — Here you — It — Well — That time, when I will go late late Tar Tar Tar late, you — When I will be — Later late late... You — There — You Will Be Here — Time late late I — Whenever I — I — If I will find myself — You late late tar late late; You — When late late long — — So late late soon — So — So that — That I — — — Here Here — That... That — That You — I I — Where I — Well I — So I — Wait I — What I — Who I — Oh I — You I — Me I — Then I — Once I — But I — “ I — if I — Even I — Though I — Hey I — Since I — And I — While I — From — I * I — Was late late a late late when — When — You Are late late Too late late? You late — When When I — That late late A late — — When You — You You — Sud late late La late late... You — So So — You Co I — There Here — — That That — — There I — Here I — Now — That Here — You Here — When Well — When If I — She I — Time I — How I — As I — Ah I — God I — Some I — Do I — Ala I — Sorry I — Soo I — Fast late late fast — When... When I I I... When When — If If — If — When when I — Till I — Although I I When I When — I When When When If — I If I I If — — If if I I Where — I... I — Boy I — when I I wait I — ” I — Because I — where I — Sometimes I — Which — When you — If when I When when — I already — If When — When ( When I If If If I Yay I — Of When I... If If When When when when — You When — Where — When Wait I I Who — When Who — I Oi I — Why I — Yes I — In — When Where No, no, no! Let’s walk, let’s go for a walk. Let us walk.",2,seg_0056 + seg_0057,166.96
L04,spk1,gauche,oui moi le souvenir d'avoir vraiment euh enfin mes ouais plus beaux moments je crois que c'est de jouer au ballon dans la rue,yes me the memory of really having well my greatest moments I think it is playing ball games in the street,yes I think my greatest memories are of playing ball games in the street,"Oui, moi, j'ai le souvenir d'avoir vraiment... Enfin, mais oui, mais le plus beau moment, je crois que c'est de jouer au ballon dans la rue.",eun oui moi jei le souvenir davoir vraiment feme mes houe mes plus beaux moment ces de jouer au balon dans la rue,"Yes, I have the memory of having... But yeah, the best moments... I think it's playing  with the ball in the street.","Yes, I have memories of having really... Well, yeah, but the best time, I think, Well, yeah, but the best time, I think, is to play after school, with the ball in the street.","Yes, I have memories of really having a wife. But......but... but more Beau Beautimes, but... but... more beautiful... but worse... but better... but but... worse worse worse...... but...... more beautiful moments......... but but... more more beautiful times... but... but more more warmer... but worst worse worse... but...... more Beau...... ” but...... but less hap hap hap... but — but... bright... more more more... more Beautimes...... But............... but even more more gent... more... but most Beau Beau Beau... but?... but worse worse hap hap............... and... but the more more hap haptimes... but with more more pleasant... but sweet... more hap...... worse worse worst... butBut... more worse worse more...... more... but better hap hap worse...... But... but dar dar... but at more more Beau moments... but really...... better...... faire faire... but ma... but it more more ble worse worse moment... but this... but these... but those more more brighttimestimestimes...... I think it’s to play in the swing in the corner in the street.",3,seg_0066 + seg_0067 + seg_0068,200.54
L05,spk2,gauche,les jeux de ballon c'étaient pas des jeux des petites filles,ball games those were not little girl games right,ball games were not really games for little girls were they,"Les jeux de ballon, ce n'étaient pas des jeux de petite fille, Sire ?",e balence n'était pun dejeu de petite filip si,"The balloon was not a little girl's hair, right?","But the ball games weren't little girls' games, were they?","Ballons weren’t little girls’ games, were they?",1,seg_0075,238.66
L06,spk1,gauche,j'ai une amie là je l'ai connue en première année de maternelle,I have a friend I met her in the first year of preschool,there is one friend I met in the first year of preschool,"j'ai une amie, je l'ai connue en première année de maternelle.",jai une amie je l'ai conu à laur première anide maternele,I have a friend. I met him in my first maternity leave.,"I have a friend, I met her in her first year of high school.","Some of these people, I knew her from matern matern maternal nurse, in my maternal first maternal birth, I saw her maternally, I knew she knew her maternal maternal me, I was with maternal breast breast breast, I met her mother maternal I knew him maternal, I know her I knew my matern materntal I was maternal infant maternal parent, I had known her pater pater maternally I saw me me I knew it matern maternally; I knew myself I knew me maternally maternally: I was a maternal child, I experienced her maternl I knew them maternally. I knew the maternal my materne I was Materal I was my maternnal I was breast breast I was I was born, I thought I knew I was by maternal matern maternality, I recognize her matern maternI I saw my maternAL I I was was matern maternelle I was, I used maternal i I was Marine maternal My matern maternle I was sick matern matern parent I I I saw she knew me me matern maternale I I am matern matern Parent parent parent I was me I I did I I my materntal matern matern I I gave I was accident I I breast I saw I was mari matern maternthal I I wo I I med matern matern breast I I i I my I was na matern matern juridic I I, I my my matern Mother matern matern was I I matern matern my matern I was... I was married I was pregnant I was mother matern materni I I bore I I virgin I I IV I was old I was young I I cal I I ge I was ministeri matern matern pater matern matern matri I I looked I I remember I I told my matern parent parent parent my I I soli I I mar I was kinder matern matern ill I I would I I d I was ma matern matern Mater matern matern mine I I — I I bru I was parent I my was matern I matern I am my matern my my my I matern parent matern maternile I I Breast breast I am am I I III I I received I was at matern maternpal I I nur I I impar I I myself I was pas matern matern brutal I I j I I parent I am was I my parent parent matern I breast breast was I am breast I my breast I matern my I am, I I age I I reproduc I I marine I I took matern matern Na matern matern Pal I I provident I I melan matern maternterna I Iwas I I sexual I I mam I I mother",2,seg_0086 + seg_0087,269.0
L07,spk1,gauche,ouais moi je me dirais jusqu'à sept heures,"yeah me I would say until seven o clock,",yeah I would say until seven o clock,"Oui, moi, je me dirais jusqu'à 7 heures,",oi moi je me dirai jusquà cete heure,"Yes, I would say until 7 o'clock.","Yes, I would say until 7 o'clock, ","Well, I would go until seven, at seven",1,seg_0094,289.28
L08,spk1,gauche,ça c'est quelque chose qui m'a énormément ben marqué,that that is something that really stuck with me,that is something that really stuck with me,"ça, c'est quelque chose qui m'a énormément marquée,",ses quelque chose qui ma énormément va marquer,It's something that really struck me.,"that's something that really struck me, ","This is something, though, still, it still matters to me a lot, even pointed out, maybe, that’s appreciated me a a a huge thing, anyway, I might noticed it.",1,seg_0106,321.66
L09,spk1,gauche,moi je pouvais rentrer quand même à n'importe quelle heure,me I could come back home at any hour,I could come back home at any hour,"Moi, je pouvais rentrer quand même à n'importe quelle heure.",i je pouvais entrer quand même à nimporte quele heure,I could go home at any time.,I could go in at any time.,"Well, maybe I could still have some time at any time. Anytime, anytime, with any time, of any time myself, I could have at any hour.",1,seg_0117,355.18
L10,spk1,gauche,alors moi je sais même plus quand est-ce qu'il est devenu à la mode,well me I do not even know when it became trendy,well I do not even know when it became trendy,"Moi, je ne sais même plus quand est-ce qu'il est devenu à la mode.",je sais même plus quand est-ce quil est devenu à la mode,I don't even know when it became fashionable. ,I don't even know when it became trendy. ,"Well, I even know more about what has become fashionable. ",1,seg_0133,409.26
L11,spk1,gauche,enfin moi le peu que je connais de restos dans le onzième en tous cas des petites restos quoi simples on mange mal,well me the little I know of restaurants in the eleventh in any case the small simple ones the food is bad,well from the little I know of restaurants in the eleventh at least the small simple ones the food is bad,"Enfin, moi, peu que je connais de restos dans le 11e, en tout cas des petits restos simples, on mange mal.",moi le peu que je conais tre restau dans le onzième tout gas des petits restaux quoiçin on mange mal,"I don't know much about restaurants in the 11th. In any case small restaurants, simple, we eat badly.","Well, the few restaurants I know in the 11th, in any case, small restaurants, simple, we eat badly.","I can only know myself, Resta in the 11th in the eleven meme amongst the eleventh. However, there are little small restaurants, what simple, we eat badly.",2,seg_0157 + seg_0158,470.48
L12,spk1,gauche,oui oui mais moi je dirai très peu quand même,yes yes but me I would say very few really,yes yes but I would say very few really,"Oui, mais moi, je dirais très peu, quand même.",oui mais moi jlirai très peu quand même ,"Yes, but I would say very little anyway.","Yes, but I would say very few anyway.","Yes, but I would say very little still. ",1,seg_0179,535.02
L13,spk2,gauche,alors donc vraiment le mélange ça vous ça vous plaît,so the mix you you really do like it,so you really do like the mix,"Alors, vraiment le mélange, ça a un clé.",alorsc vraiment le mélange sara simblé,"So, really the mixture is complete.","So, really, the mixture, it has changed.","So, the mixture is really the same.",1,seg_0187,549.7
L14,spk1,gauche,sauf que moi j'ai eu enfin la malchance entre guillemets,except that me I had well the misfortune so to speak of going to a private school,except that I had well the misfortune so to speak of going to a private school,"Voilà, sauf que moi, j'ai eu la malchance, entre guillemets,",là sauf que moi j'ai eu enfin la malchance entre guimèdes,"Except that I had the bad luck, in quotes.","Yes, except that I, well, I had the bad luck, in quotes,","So I had the bad luck between between Gu Meg between between Guess between Gu Med Bet Bet Bet between Gu Me between between between Bet Bet Me between Bet between Bet Me Bet BetBet Bet Betme between Gu Gu Bet Betbet Bet Bet me Bet between between Me Me Bet between Gue between Gu Bet between Good Bet Bet bet Bet Bet Mel between between Go Bet Bet Am Bet Bet BE between between Guill Bet Betdes Bet Bet Mrs Gues Bet Bet God Bet Bet Des Des Des Me Me between Gu between Gu Gue Bet Bet At At At Finally The Bad Luck Bet Bet ” Bet Bet Gent Bet Bet Guedes Bet between Gui Bet Bet From Guedes between Gu Dame Bet Bet She Bet Bet Her Bet Bet Ms Gues between Guedesdes Bet Me Then Bet Bet Mine Bet Bet Till Me Bet Me Me Me? Bet Bet Ala Alas between between G Guedes from Bet Bet Miss Bet Bet Met Bet Bet Here Bet Bet My Me Me, Bet Bet at At At Last The Bad luck Bet Bet Of Bet Bet Ge Bet Bet Some Bet Bet Men Bet Bet Girls Bet Bett Bet Bet Gu Guedes Me Bet With Gu Me Bet Are Bet Bet Well Bet Bet Look Bet Bet ME Bet Bet Oh Alas Bet Me Do Me Me Where Bet Bet A lady Bet Bet De Me Me Does Me Me From Me Me At At Me Me Lady Bet Bet Besi Bet Bet Fi Bet Bet Fine Bet Bet Or Bet Bet Hmm Bet Bet Glen Bet Bet Beli Bet Bet Gren Bet Bet Come Bet Bet It Bet Bet Is Bet Bet Time Bet Bet Allah Bet Bet Sud Bet Bet Od Me Bet From Me Bet At Me Bet Second Bet Bet Again Bet Bet Women Bet Bet Deli Bet Bet Madame Bet Bet There Bet Bet Allas Bet between Guy Bet Bet Ben Bet Bet No Bet Bet App Bet Betol Bet Bet Se Bet Bet M Me Bet Be Bet Bet Bit Bet Bet Mer Bet Bet Times Bet Bet girl Bet Bet her Bet Bet Wow Bet Bet Who Me Me Too Bet Bet In Bet Bet Did Bet Bet About Bet Bet Mell Bet Bet Wo Bet Bet with Me Bet Miss Me Bet When Bet Bet Should Bet Bet Eh Bet Bet Ap Bet Betmely Bet Bet Soo Bet Bet Turn Bet Bet Bla Me Me Now Bet Bet alas Bet Bet Apart Bet Bet Trust Bet Bet Pu Bet Bet my Bet Bet Except Bet Bet Half Bet Bet Inter Bet Bet Mai Bet Bet somewhere Bet Bet Girl Bet Bet As Bet Bet Zwischen Bet Bet yer Bet Bet Heaven Bet Betse Bet Bet Mes Bet Bet Gand Bet BetMe Bet Bet Bet Bet Mere Bet Bet Will Bet between Me Bet",1,seg_0201,601.88
L15,spk1,gauche,à partir de là ses amis elle les elle revoit quand même des des copains blacks,from there her friends she does see them again she does see Black friends,from there she still sees Black friends,"Donc, à partir de là, ses amies, elles revoient quand même des copains blacks",donc à partir de là ces anes re ele revoit quand mêmecopains blaques,"So from there, these years... She still sees black friends.","so from there, her friends, she still sees black friends,","From then onwards those years, those years of years. She still sees some of the black-and-white cops.",2,seg_0257 + seg_0258,753.64
L16,spk1,gauche,ma fille est rentrée elle a fait son lycée à Hélène Boucher,my daughter she came back she did her high school at Hélène Boucher,my daughter came back and did her high school at Hélène Boucher,"Ma fille est rentrée à son lycée à Hélène Boucher,",ma file et rentre à feser sons lycée à elene-boucher,My daughter went back to her high school in Hélène-Boucher.,"my daughter entered her high school at Hélène Boucher,","My daughter entered to kiss her high school in Helen and Helen’s high-me my girlfriend, I’ll my daughter.",1,seg_0254,743.2
L17,spk1,gauche,moi personnellement j'aurais plus peur euh de voilà de familles qui ont beaucoup de fric,me personally I would be more afraid well of families that have a lot of money,personally I would be more afraid of families that have a lot of money,"Moi personnellement, j'aurais plus peur de... de familles qui ont beaucoup de fric que... ",moi personelement j'aurais plus peur de mala de fime mine qon beaucoup d'e frique que ,"Personally, I would be more afraid of... ...of famine. and that have a lot of money. ","for me personally, I would be more afraid of families that have a lot of money, of families that have a lot of money, that... ","Personally, I myself have more fears of “the fa-fafafa-fefefe. That Fat Fat Fat-fat? That fat-fa-fafefe? That’s... There are a lot of fries in the family, that make up a lot. ",2,seg_0285 + seg_0286,817.26
L18,spk2,gauche,le l'école justement la vôtre et puis celle des enfants euh vous en avez plutôt de bons souvenirs,the the school speaking of yours and also the children's you have rather good memories of it,speaking of your school and the children's do you have rather fond memories of it,"Et donc l'école justement, la vôtre, depuis celle des enfants,vous en avez plutôt de bons souvenirs ?",donc le lécole justement la poutre ju cele des enfants us en avez plutôt de bons souvenirs,"School, the aim… N illustration ... I had quite good memories of it.","And so, the school, precisely, yours, since that of the children, yours, since that of the children, do you have any good memories or no memories at all?","So, the school is just like yours, yours. Then the children. Well, it’s more than good memories.",3,seg_289 + seg_290 + seg_0291,840.44
L19,spk2,gauche,alors vous c'était une école privée,so you it was a private school,so your school was a private school,"Alors vous, c'était une école privée ?",cétait une école privée ,So you are in a private school. ,"So you, it was a private school, Catholic? A private school, Catholic, so in the mixed elementary, A private school, Catholic, so in the mixed elementary,","Levon was a private school. A private, catholic, private school.",1,seg_0293,847.62
L20,spk1,gauche,moi la pression je sais que j'ai pas connue,me the pressure I know I did not experience it,I know I did not experience that pressure,"Moi, la pression, je n'ai pas connue.",n la presion j'ai pas conu,I didn't know the pressure.,I didn't know the pressure.,"I didn’t know how to feel the pressure, I did not know.",1,seg_0313,896.36
L21,spk1,gauche,mes devoirs je me rappelle à peine en avoir fait,my homework I barely remember having done any,I barely remember doing any homework,"Mes devoirs, je me rappelle à peine en avoir fait.",une voir je men rapele à peine en avoir fait,I remember the pain of having done it.,"My homework, I don't remember having to do it,",I don’t regret having done it.,1,seg_0314,899.66
L22,spk2,gauche,moi je trouve que l'élémentaire fonctionne bien,me I think hat elementary school works well,I fthink that elementary school works well,"Moi, je trouve que l'élémentaire fonctionne bien,",je trouve que lélémentaire fonctione bien,I think the elementary works well.,"I think that elementary school works well,","Well, I think that the elemental is working well well, but the elementals do well well.",1,seg_0333,961.38
L24,spk1,gauche,je trouve ça très triste les années collège je trouve ça très très triste,I find that very sad the middle school years I find that very very sad,I find the middle school years very sad,"Voilà, je trouve ça très triste. Les années collèges, je trouve ça très très triste.",je trouve ça très triste es ani colège je trouve ça très très triste,I find it very sad. I find it very sad.,"So I find that very sad, the years of college, I find that very, very sad. the years of college, I find that very, very sad.","Well, I find that very sad. I find this to be very sad for Anicholets.",2,seg_0345 + seg_0345,995.56
L23,spk2,gauche,il y a un soutien pour quand même les enfants en difficulté moi je trouve,there is support after all for children who are struggling me I think,I think that there is support for children who are struggling after all,"Enfin, il y a un soutien pour quand même les enfants en difficulté, moi, je trouve.",il y a un soutien pour quand même les enfants dificulté un chode trop,There is support for children with disabilities. I find...,"that there is a real mix, there is a real support... I think so,",There is a support for children who are still in difficulty. I find myself.,2,seg_0335 + seg_0336,966.96
L25,spk1,gauche,moi je pense qu'on peut pas rester assis,me I think that you cannot stay seated,I think staying seated is not an option,"Moi, je pense qu'on ne peut pas rester assis",je pense quon peut pas rester aisi ,I don't think we can sit down,I think we can't sit down,"Well, it’s true, we can’t stay sitting",1,seg_0348,1010.38
L26,spk1,gauche,est-ce que pas moi je pense que si le parent aussi,me I think that if the parent too,I think that if the parent too,"Je pense que le parent, il faut que le parent ",jepense que si le parent ausi,I think that if the parent ,"I think that if the parent also has to play the game today in the way you did at school, what my girlfriend was doing, you did at school, what my girlfriend was doing, she said to me, I do not care, he is big, he does what he wants,","I think that if the parents, as well as Saint-Éphephephe’s parents, ",1,seg_0373,1130.7
L27,spk1,gauche,il est grand il fait ce qu'il veut moi je vais pas regarder son cahier,he is grown up he does what he wants me I am not going to look at his notebook,he is grown up he does what he wants I am not going to look at his notebook,"il est grand, il fait ce qu'il veut, je ne veux pas regarder son cahier",fouil est grand et chesqiveux n je vau pasrgardé sans cayède,"he's tall, he does what he wants. I don't want to look at it without a notebook.","he is big, he does what he wants, I do not want to watch his notebook,","What I do for myself, my copies, my copy of my copy, me me, my me me me myself, mine mine my big... my riches, what who who who wants what what what who wants?... what who what who needs what what anyone who who what what whatever what what whom what what everything what what everyone what what that who who Who who who whatever whatever what whatever whatever whatever... what what the big... and what who whatever what who want what what w... what to what what... what... whatever what is what what if what what... what what — what what, what what’ what what with what what...... my mom, what... my big, what, my colo... my me, what my, my, what cooking, my... my fat, my myself, what that what what my big big, and what whatwhat what what this who who anything what what What what whatWhat what whatever what what else what what people who what whatever who who whom what who Who what what their what what? what what they what what all what what when what what which what what in what what everybody what what whose what what those what what Who who what...... what that whatever what... that what who whom who who... whatever whatever who what w what what from what what on what what rich what what ”... what, whatever what that... what whatever that what whatever...... my my my... what my my copie me my my copy what my myself what my copie what my whatever what my what my copy me my myself my my whatever my my myself myself my copie my my piece my my info what my mom what my... me my mine my my mom my my mine what my me what my coverage what my painting my my cou what my Mom my my what what mine my myself... my myself whatever my mine mine what what myself what what stuff my my boss what my mine... my... mine my me my me... my mine me, mine me me... mine mine mine me myself myself myself, me, me myself me me my, mine, my my me myself my me mine mine myself myself me, myself myself what mine mine, mine my mine, what mine what big big big... what grow what what king what what bigger... and whatever what everything whatever what What who who need what what where what whatW what what el what what riche what what! what what wealth what what doing what what W what what WHO what what at what whatw what what important what whatbig I thought I was looking over my shell.",2,seg_0374 + seg_0375,1137.08
L28,spk2,gauche,alors que vous vos parents n'avaient jamais surveillé les devoirs,whereas you your parents had never monitored homework,whereas your parents had never monitored your homework,"Alors que vous, vos parents n'avaient jamais surveillé tes devoirs ?",lorsque vous vos parents navez jamais survélé,"while you, your parents, never survived.","While you, your parents, have never survived your homework?","When you, your parents, never woke up to your debts.",1,seg_0377,1149.5
L29,spk1,gauche,enfin lui c'était sa langue maternelle à la maison par exemple,well him it was his mother tongue at home for example,well it was his mother tongue at home for example,"Lui, c'était sa langue maternelle à la maison, par exemple.",ui c'était sa langue maternele à la maison par exemple,and that was his mother tongue at home.,"He was his mother tongue at school, for example.","Him, for example, was his maternal language at home.",1,seg_0400,1239.52
L30,spk2,gauche,alors les équipements culturels de quartier vous avez l'air d'en profiter beaucoup,so the cultural amenities of the neighborhood you seem to take advantage of them a lot,so you seem to take advantage of the cultural amenities of the neighborhood a lot,"Alors, les équipements culturels du quartier, vous avez l'air d'en profiter beaucoup. ",alors les équipements culturels du quartier vous avez lair den profiter beaucoup ,"The cultural equipment of the neighborhood, you seem to enjoy it a lot. ","So, the cultural equipment of the neighborhood, you seem to enjoy it a lot. ","So, you seem to be taking advantage of the neighborhood’s cultural facilities. ",1,seg_0442,1361.44
L31,spk1,gauche,la MJC dans mon souvenir c'est un beau souvenir,the MJC in my memory it is a beautiful memory,in my memory the MJC is a beautiful memory,"L'AMJC, dans mon souvenir, c'est un beau souvenir, ",lame j dans mon souvenir ces un beau souvenir ,"The MJC is a beautiful memory for me, ","The MJC, in my memory, it's a nice memory, ","In my memoirs, the memzies is a nice reminder, a good memory in my memory, ",1,seg_0446,1387.0
L32,spk1,gauche,voilà donc moi à mon époque oui ça fait deux trois ans,well so me back in my day yes it has been two or three years,well so back in my day actually it has been two or three years,"Donc moi, à mon époque, oui, ça fait deux, trois ans, ",onc moi à mon époque ui ça fait de trois ans ,"So at my time, it's been 2 or 3 years, ","so, at my time, yes, it's been two, three years, ","Well, for my time, indeed, I, my age, yes, it was two and three years, I was two three years - Well, I think, I’ve been three years I knew for, well, I know he’d taken three years to be a Guardian, but I know they’d kept a keeper for three years longer, I knew they took a guard guard for him for for, Well, For indeed, It’s being two three times — I’d — I knew he was a War Warwar War War War Guard, He’d A Guard, And for, That, I wasn’t three three — I thought for, I thought, He was a Guardian for for three three three-year — I knows that they gave him a Guardian Guardian Guardian, So, In fact, I actually, I really, I'd — Three Three Year — I think it’d for — A Good, Well Well, You’d For Actually, For Well, If Well, Well — Well Well — I, At Well, Now, I — Well — It’ Well, It Was T — I Inde, I My Time, Well I’ Well — All, I Well, And Well, Of Well, This — I — It Was Two Three Three — I Though, I Know He Had A War War Ad Ad Ad En En En Guard, Even Well, As Well, They Had Had A Guard Guard, I Guard Guard Guard — He Well, He Well Well Well No, He He Well — He He He — He — Well I — He Did A Guard — A Guard Ad Ad Guard, Who Well, With Well, The Well Well Guard, Well He — I Well Well He He Had Guard Guarded, I He He Guard Guards A Well, All Well, So Well Well I Well — — He We — He Last — He Cu Cu Cu — He Guard, A Guard Officer, He — Guard Guard Well, Who — Well He Well I Guard, All All All Well — So Well, From Well, Over Well, My Well, Your Well, Me, I I — I My Well — For — Well And Well — My — I Was Three Three Three And — — I I, I Was — I He — — — For All All Three — — All Well Well And — I So Well — That — I Fi From the front, I know that you have a Cap-a-Tup Cap Cap-Touts, trou trou trous, Trou trou trougois, trougoi trou trou go go... trou trou Trou trous trou trougou trou trou Gou trous... Trous trougou trou trougu trou trou Gues... trouou trou trou gou gou gou trous. trou trou Go go go go! trou troudou trou trouse trou trou Chus trous",1,seg_0451 ,1411.82
L34,spk1,gauche,c'est vrai que les livres jusqu'à maintenant je les achetais beaucoup,it's true that books up to now I bought them a lot,it's true that up till now I bought a lot of books,"C'est vrai que les livres, jusqu'à maintenant, je les achetais beaucoup.",récles livre jusqu'à mun ange je les acheté beaucoup,I've bought a lot of them.,It's true that I bought a lot of books until now.,"I would love to buy them until noon, I bought them a lot of things.",1,seg_0463,1450.7
L33,spk1,gauche,la bibliothèque c'était pour la musique et les et les DVD,the library it was for the music and the and the DVDs,the library was for music and DVDs,"la bibliothèque, c'était pour la musique et les DVD.",la ba bibliothèque c'était pour eux la musique et lestle db,It was for the music and the DVDs.,"because otherwise, the library was for music and DVDs.","otherwise else, the Bible Bible Library, Bible-the Bible-de Bible-school?... It was for the music and the DVD.",2,seg_0461 + seg_0462,1447.14
L35,spk1,gauche,non Bercy c'est ah non c'est c'est extrapolé là,no Bercy it is ah no it is it is outside my familiar area there,no Bercy is outside my familiar area,"Ah non, c'est extrapo les, là. ",anoncée xtrapolé la ,"No, it's extrapolated.","No, it's extrapolated, there. ","Come on, it’s spread out! Well, that’s exaggerated... ",1,seg_0498,1567.98
L36,spk2,gauche,alors euh les fêtes des voisins vous faites ça,so the neighborhood parties do you attend them,so do you attend the neighborhood parties,"La fête des voisins, vous faites ça ?",la fêite des voisins vous faites ça , The lack of neighbors? ,"The neighbors' festival, you do that? The neighbors' festival, you do that? ","Do you do this? What is the party of the neighbors’ neighbors? You are doing this, you are doing that. ",1,seg_0546,1744.18
L37,spk2,gauche,le quartier c'est les cafés donc aussi,the neighborhood it is the cafes too,the neighborhood is also the cafes,"Le quartier, c'est les cafés aussi.",rue ardi cez les cafés,The key is the coffee.,"The coffee shop is the coffee shop, so ...","Yes, Gartier, it’s the coffee, that’s all.",1,seg_0563,1812.97
L38,spk1,gauche,la fréquentation des cafés ou oui moi je trouve hein,the frequenting of cafes well yes me I find,the frequenting of cafes well yes I find,"La fréquentation des cafés ? Oui, moi je trouve.",la fréquentation des cafés oui mange trouve,"The coffee frequency? Yes, I think so.","The frequency of coffee? Yes, I think so.","Do you find coffees?... Do I find coffee?... Well, I find myself...",1,seg_0596,1910.39
L39,spk1,gauche,bon voilà moi je trouve que c'est très inconfortable,well there me I find it very uncomfortable,well I find it very uncomfortable,Moi je trouve que c'est très inconfortable,oemange trouve que cest très inconfortable,I find it very uncomfortable ,I find it very uncomfortable ,I think it’s very unacceptable,1,seg_0614,2014.51
L40,spk1,gauche,parce que les bons c'est peut-être trop cher pour moi,because the good ones it is maybe too expensive for me,because the good ones are maybe too expensive for me,"Enfin, parce que les bons sont peut-être trop chers pour moi.",mais parce que les bons sont êtres trop chers pour moi ,because the goods are too expensive for me. ,"Well, because the good ones are maybe too expensive for me.","It’s because the good goods are maybe too expensive for me, it’s hard goods for me.",1,seg_0628,2089-09-01 00:00:00
L41,spk1,gauche,moi je vais souvent parce que rapport qualité-prix c'est l'Extra Baule,me I go often because value for money it is Extra Baule,I often go because Extra Baule is good value for money,"Moi je vais souvent, parce que rapport qualité prix, c'est l'Extraball",vais souvent pursque le raport qualité prise cest l'extrabol,I often go because the quality-price ratio is the extra ball ,"I often go, because in terms of quality-price ratio, it's the Extra Ball",I often live in Paris because the highest quality report is the Extra Bull.,1,seg_0632,2110.49
L42,spk1,gauche,il y a des petits Turcs moi j'aime bien les petits turcs,there are some small Turkish restaurants me I really like the small Turkish restaurants,there are small Turkish restaurants that I really like,"il y a des petites turques, moi j'aime bien les petites turques.",piprail a des petites turs om moi jaime bien les petites tulants,"And then there are little turks, I like little turks.","And then there are the little turks, I like little turks.","And then, there are some small pieces that I like the little pieces...",1,seg_0637,2135.25
L43,spk1,gauche,tout ce qui est gros budget les vacances les week-ends je pouvais m'en faire mais je m'en fais plus,everything that is big budget vacations weekends I could afford them but I cannot afford them anymore,as for big budget items vacations and weekends I used to be able to afford them but I cannot anymore,"tout ce qui est gros budget, les vacances, les week-ends, je pouvais m'en faire. Je ne m'en fais plus",tous ce ques gros budget les vacances les wekens je pouvais men faire j mon fa pupque ,"the big budgets, the holidays, the weekends, I could do that. I don't do it anymore","all that is big budget, the holidays, the weekends, I could do it, I don't do it anymore, all that is big budget, the holidays, the weekends, I could do it, I don't do it anymore,","Yes, yes, there is everywhere for all the big big budget, big budgets, public growth, budgets and holidays, summers, holidays on the weekend, I could be mine, I was right, there are everywhere everywhere, everywhere, yes yes, it is there, here, everything is big Budget, Big Budget, Budgets, Holidays, Vac Vac Vac everywhere, Every every budget, Every budget, Holiday, Every weekend, every weekend, and I could do it for me, so everywhere, for everywhere, right right now, then there are the budgets for growth, Budget, DA OK, So everywhere, from there are for everything the big Budget Budget,wawaWawawawaways, Vac everywhere I was I could eat my cake, I did it for PM, I knew, I had it, I am everywhere, and everywhere, it was everywhere, everything for Europe, for everything, for budget, budget, budget, — — budgets budgets — — — Budgets for budgets – big budget — —wawavavavawawares — — holidays — every every day, every every budget — every week, every summer, every deci I was that I was, I fed fed, Iwas, I thought, I guess, I would literally, I fixed, I’ ‘ I was indeed, I mean everywhere, there, everywhere everywhere everywhere right right right everywhere, everyone, for for everywhere everywhere everything everything, there there there is the budget, for economy, budget budget, Exp, budget — budget,Est, budget prices, budget leaders, budget times, budget adults, budget time, budget for budget — expexp, every budget for medium medium medium budget, every Tuesday, everyvara USA USA USA Yes, Iev, I have for PRI PRI PRI RO RO RO everywhere, yeah, there DIRECT DIRECT DIRECT, yes Yes Yes Yes, it true, it everywhere, daw daw daw everywhere, but everywhere everywhere is thevocvocvoc flexible, formelymelymely, ISAP, I — — for ubi everywhere, I authority, for USA USA everywhere, Yes Yes yes yes yes Yes, everywhere — it is everywhere, look everywhere, every everywhere, i Yi Yi Yi, I everywhere, is everywhere everywhere — for everywhere right everywhere everywhere; for everywhere Look everywhere, y fast, for course course course everywhere, come everywhere, absolutely, for OK OK OK everywhere, okay everywhere, OK everywhere everywhere for everywhere — — go go everywhere, we I’m me me me mes me me, because if we Weekend Weekend Weekend Week Week Week Weekend Weekend weekend weekend weekend Weekend weekend Week Week weekend weekend week I I I Wi Week mine on I infidel myself myself mine mine mine Mine Mine Mine Me Me Me, mine minemine mine mine Je Je mine mine Football me, my mine mine Euro myself, which I mine mine EUR three me Euro I, I even have mine mine; it me, me, mine me, that I mine myself, mine I I, and myself myself myself, me & mine mine, me me I, mine, I, myself, my, me and mine mine € me, I myself, myself myself ironi ironi ironime of mine mine me me mine mine myself myself... me me. me me Me me, myself me, jer me me Mes me, Jer me me & I I mine, mine myself mine, my myself, I swe me, My me, je me, Je me me — me messing me, Me me me myself, Je Je Je me I mine I, my me, Ray me me my me me l me me追い me me Jet me me 50% mine mine Me, I I myself myself me me ;-) myself myself Me me I I me, chu mine mine my me myself myself I I Compl myself myself 30% myself, Me Me me Me Me I I chroni myself myself my myself myself 30 myself myself Je Je Me Me myself myself economic myself myself am mine minejim myself myself My my my my mine, myself mine myself I mine my my, mine my mine myself me I myself mine my myself I myself I, me myself mine I mine me myself me Me I myself me mine, Me I mine Me Me mine mine I myself my my myself mine Me me mine myself Me Meme myself myself; I I Me me myself I me me。 I Ilai myself myself * mine mine My I I MY myself myselfaime myself myself. Me Me my me Me myself I Me I me Me, me I me I Me myself mine me Meme me me Jaume mine mineme Me Me Je Je I mine Mine mine mineMINE mine mine Million Me Meuse Me Me meme Me Me My My My Me Me Che Me Me Jay mine mine Kill Me MeMe Me Me half Me Me batteri me Me Je me Me mine Mine Me me Je Je myself myselfme Me me My My mine mine Mi mine mine Moi mine mine ki mine mine Mini mine mine mini Me Me alone Me Me fibro myself myself Mine Mine mine Me myself Me myself",2,seg_0687 + seg_0688,2324.75
L44,spk1,gauche,après voilà moi je j'ai plus rien envie d'acheter quoi,after that well me I I no longer have any desire to buy anything,after that well I no longer have any desire to buy anything,"après, voilà, moi je n'ai plus rien envie d'acheter, quoi.",après voilà moi jai plus rien nenvie dacheterqoi ,I don't want to buy anything anymore. ,"because no, it's sure, after, I don't want to buy anything anymore. ","Well, sure sure, after what? Well, after buy, I don’t know what to buy, what... what... What... what, what what...... what...what... what do that... what what, sure, what, after... what is sure, sure... after what...... what — — what... why... what am I bought enough to buy... what else to buy? what... how... whats... what me... whatchas... whatwhat... What what...? What... What, what do I don buying... what buy......... hi hi... whatWhat... what? what what what do... what What...?... what are sure...... so what... well... whatCh... what alone buy... What do...... What What............ what Chin... whatacquisition... what whatever... what Ac... what give... what honey... what it... what – what... hmm... what Lea... what! what... anyway... what CH... what.... what... what whatwhat what... ",1,seg_0692,2391-07-01 00:00:00
L45,spk1,gauche,enfin moi à mon niveau elle veut jamais faire les boutiques,well me at my level she never wants to go shopping,well from where I stand she never wants to go shopping,"Enfin, moi, à mon niveau, elle ne veut jamais faire les boutiques",en famoi mon niveaule veut jamais faire les boutiques ,I'm not going to run any boutique,"well, at my level, she never wants to do the boutiques","Well, at my level, she never wants to make the shops",1,seg_0702,2443.27
L46,spk1,gauche,si moi je fais les courses beaucoup,yes me I do a lot of grocery shopping,yes I do a lot of grocery shopping,"moi, je fais les courses beaucoup",si moi chez les courses beaucoup ,I do the shopping a lot,if I do the shopping a lot,"even if I’m still preparing for courses, prepare myself for a lot ofcourses, even prepare myself to go to school.... — Yes, prepare yourself for a few courses, even though I am preparing myself for many courses... — Prepare yourself for some courses.... Even prepare yourself to get ready for... — Ready to prepare yourself even though you are preparing... — Preparate yourself even while preparing.... ",1,seg_0711,2499.57
L47,spk1,gauche,moi je si je considère que mes filles ont quand même,me I yes I consider that my daughters still have,yes I consider that my daughters still have,"moi, si je considère que mes filles ont quand même...",si je considère que mes files encore même,if I consider that my daughters have...,if I consider that my daughters have still ...,if I consider my daughters are still worried about it.,1,seg_0715,2544-02-01 00:00:00
L48,spk1,gauche,moi c'est ce qui m'aura marquée dans cette génération là c'est qu'ils vivent entre eux,me what will have struck me about this generation it is that they live among themselves,personnallywhat will have struck me about this generation is that they live among themselves,"moi, c'est ce qui m'a remarqué dans cette génération-là, c'est qu'ils vivent entre eux, ",moi cie ce qui m'aura marqué dans cete génération-là ces qui vivt entreuxrouve,"That's what I noticed in this generation, they live among themselves. I","that's what I noticed in this generation, is that they live among themselves ... hat's what I noticed in this generation, is that they live among themselves ... ","that’s what I noticed in this generation, that they are living between each other",1,seg_0722,2613.44
L49,spk2,gauche,vos filles elles se politisent ou pas,your daughters they get politicized or not,do your daughters get politicized or not,Ils se politisent ou pas ?,al ce quolikie ou parte,Yes. The marriage?? Your Mexican community?,Do they politicize themselves or not?,Are they collecting or not?,1,seg_0727,2635-04-01 00:00:00
L50,spk2,gauche,les verts ATTAC tout ça c'est c'est retombé,the greens ATTAC all that it has it has died down,the greens ATTAC all that has died down,"les verts, il y a eu la première déterne, les attaques, tout ça, c'est tout, mais...",levere ie lapté brunan en est à norac tout sasé set un tou eon,,"The green, there was the fear of the green, the attacks, all that, it's over ...","Yes, no, not politically committed, not at all? All this was fine.",1,seg_0736,2740.18
L51,spk2,gauche,est-ce que cette politique là vous en voyez quelque chose sur le quartier,that policy do you see something of it in the neighborhood,do you see anything of that policy in the neighborhood,"Est-ce que cette politique-là, vous envoyez quelque chose sur le quartier",tce que cete politique là vous envoyez quelque chose sur les quartiers,Do you see anything in this political arena in the neighbourhood,"is this policy there, do you see something about the neighborhood",Is this policy sending you something on the neighborhood,1,seg_0739,2709.62
L52,spk2,gauche,tout ce que vous avez dit sur le changement de population le les difficultés à maintenir la population ça donne l'impression,everything that you said about the change in population the the difficulties of maintaining the population it gives the impression,everything you said about the change in population and the difficulties of maintaining the population gives the impression,"tout ce que vous avez dit sur le changement de population, la difficulté à maintenir la population, ça donne l'impression ",tout ce que vous avez dit sur le changement de population le dificultés à à mainter la population ça done limpresion ,"everything you said about the change of population, the difficulty of the population, it gives the impression ","everything you said about the change of population, the difficulty of the population, it gives the impression ","everything you have said about the population’s change, the maintenance of the population, a municipality that is quite difficult to maintain, and which goes with it.",1,seg_0745,2740.18
L53,spk1,gauche,et nous les logements sociaux à Paris on ne voit pas beaucoup,and us the social housing in Paris we don't see it that much,"and the social housing in Paris, we don't see it that much","et nous, les logements sociaux à Paris, on ne voit pas beaucoup.",et nous les logements sociaux afchineon,"and we social housing in Paris, we don't see much.",and we social housing in Paris ... ,"and we, the social housing stores in Paris, are already social housing in Paris.",1,seg_0749,2770-01-01 00:00:00
L54,spk1,gauche,tout ce qui est collectif moi c'est vous voyez,everything that is collective me it is you see,for me everything that is collective you see,"out ce qui est collectif, moi, c'est... Vous voyez",onmais tout ce quest colectif moi cest voyez,"All that is collective, you see... ","No, but everything that is collective, you see, it's ... No, but everything that is collective, you see, it's ... No, I don't see myself at all ...","But all that is collective, me, it’s collective, see",1,seg_0757,2796-07-01 00:00:00
L55,spk1,gauche,moi c'est pas les chiens qui me dérangent,me it is not the dogs that bother me,it is not the dogs that bother me,"Moi, ce n'est pas les chiens qui me dérangent, ",moi cest par les chiens qui me dérangent ,I don't like dogs.,I'm not bothered by dogs,"My friends me, myself, who me, even even even if I donmememeespecialspecifics, even though even if me me me even although I don not very much, especially especially, even if myself, even precises me even even when I don’me me even as well me do not very special animals, even my me — I myself, myself myself, my me Me, me messing myself, Even even if almemespecialspecials species, even Although I don don not really bad a very many animals, especiallyespecialespecialespecial Especial Especial Special Myself, me personally, me, me Me Me, myself — My me, Me, Me Me MeMe, Me messing Me, even “especialespecial Specific Specific Specific My Special My Special Special My My Special Well, especially special My Special Precis My Special All Me, My Me Me — Me Mehon, me — Me me, mine, Messing Me Messing, even while even even Although me me don donespecialespecial special Special My special Special Me Special My Very Special My Especial Especial Especial My Special Me Especial Especial Me Me Special Special Special Me Me special My My My special My special special Special Special Animals Animals, especially My Me, I myself myself myself — Me myself, me myself, Me myself myself; Me Me me me, My My Me Mi Me Me Personal Me Me Mes Me MeMes Me Me mes Me Me colo Me Me even even, even me me know me me way way way, and me me special special special Me Special Me My Special Especial Special Special All My My Specific Specific Me Me My special Especial Especialespecial Especial My My Especial My Specific My special animals animals,especialespecial Me Me especially especially My My myself, My myself myself Me Meespecial Me, my Me Me myself — me Me me myself myself My My, Me My Me me Me My myself Me My, even myself myself even even where me meespecial special special specific Specific Specific Special My speci My Special special special animals Animals animals, me especially especially especially special specialespecialespecial My special especially My Special animals, special special Especial My specialespecial My My especially My special animal animals, My especially especially myself, especially myself myself me, especially Me Me I myself My myself My Me My My God Me Me mean Me Me alone, me My My me Me myself Me, also Me Meme Me Me Mine, eveneven even even my myself myself especially especiallyespecial myself myself special special myself myselfespecialespecial especially special Special special Specialespecial My Me special special",1,seg_0770,2849.24
L56,spk2,gauche,le le le nettoyage des rues dans dans Paris ça va dans votre onzième,the the the street cleaning in in Paris it is going OK in your eleventh,is the Paris street cleaning going OK in your eleventh,"Le nettoyage des rues dans Paris, ça va, dans votre oisine ?",detoyage des rues den bron ça pas pour votre onzième,"cleaning the streets in Paris, is that okay?","The cleaning of the streets in Paris, is it okay in your 11th? ","Toil on the streets, in your old age.",1,seg_0788,2900.32
L57,spk1,gauche,les expos temporaires de Beaubourg on en a fait beaucoup,the temporary exhibitions of Beaubourg we went to many of them,we went to many of the temporary exhibitions of Beaubourg,"Les expos temporaires de beaubourgs, on en a fait beaucoup.",des expos temporaires de baubourg on en a fait beaucoup,We did a lot of temporary exhibitions of Bobon.,"the temporary exhibitions of Bobours, we did a lot ...","We did a lot with Beaubourg Bour Bour BourBo Bour Bour’s temporary exports, we made a lot of it.",1,seg_0836,3128.68
L58,spk1,gauche,Palais de Tokyo on l'a fait,Palais de Tokyo we did it,we did Palais de Tokyo,"Le Palais de Tokyo, on l'a fait. ",as les touc où on l'a fait,"not Tokyo, we did it. ","The Louvre, in the museums, the Tokyo Palais, we did it,","for how did we done it, we have done it.",1,seg_0843,3157.96
L59,spk1,gauche,le Louvre si on l'a fait quand même plusieurs oui,the Louvre yes we did it several times yes,yes we did the Louvre several times yes,"Le Louvre aussi, on l'a fait quand même, plusieurs fois. ",le loupe onsia lafait quand même plusieurs rebruits,We've been to the Louvre several times.,"the Louvre too, we did it anyway, several times, ","The Louvre, if we still did it",1,seg_0844,3161.54
L60,spk2,gauche,et là le Paris monumental ça vous plaît,and now monumental Paris do you like it,and now do you like monumental Paris,"Et le Paris Monumental, ça vous plaît ?",et la le paris monumental saronclé,"And the monumental Paris, do you like it?","And there, the monumental Paris, did you like it?",And the monumental Paris? Did you pray for that?,1,seg_0851,3197.94
L61,spk1,gauche,donc je l'envie à ce niveau là moi je bon je je vraiment,so I envy her on that level me I well I I really,so I envy her on that level I really,"Donc, je l'envie à ce niveau-là. ",je l'envie àse nivola lamte ,I want to do it at this level.,So I want it at that level.,"I want me at that level where I am at this level.... my job at that mine, on that level.",1,seg_0861,3231.22
L62,spk1,gauche,c'est Lisbonne par exemple j'en rêve parce que je la connais pas,it is Lisbon for example I dream of it because I do not know it,for example I dream of Lisbon because I do not know it,"C'est Lisbonne, par exemple. J'en rêve parce que je ne la connais pas,",cest diz bones par exemple en rêve parce que je la conais pas,"No, because I don't know them. It's Lisbon, for example. I'm sure I wouldn't be disappointed.","It's Lisbon, for example. I dream of it because I don't know it, ","Lisbon, for example, is where I know them. I can save save my dreams because I don’t know her",2,seg_0867 + seg_0868,3256.82
R01,spk2,droite,à votre enfance dans euh le onzième c'était quoi une enfance de petite fille,in your childhood in well the eleventh what was it a little girl's childhood,what was a little girl's childhood like in the eleventh,"ce 11e, tu étais quoi une enfance, une petite fille ?",onzième test det quoyi une enfance petite filer,What was your childhood like?,"in the 11th, what was your childhood, your little daughter? ",The eleventh was a little girl’s child.,1,seg_0064,191.68
R02,spk1,droite,les gens disaient mais c'est où ça la Bastille,people used to say but where is that the Bastille,people used to say but where is the Bastille,"les gens me disaient, mais c'est où ça, la Bastille ? ",jeandi mi sait où ça la bastile ,"I said to myself, where is this? The Bastille? ","people would say, but where is that, the Bastille? ",This is where the Bastille is. But where is it?,1,seg_0108,329.14
R03,spk2,droite,c'est en train de changer à toute allure ces ce onzième,it is changing very fast these this eleventh,this eleventh is changing very fast,"c'est en train de changer à toute allure, ce 11e.",c'est en train de changer à dout aler smins mingen,It's changing at full speed.,because it's changing at full speed. This 11th...,"It’s changing at any moment, no.",1,seg_0130,398.08
R04,spk1,droite,c'est vrai c'est l'impression moi que ça me donne aujourd'hui,it is true it is the impression me that it gives me today,it is true that is the impression that it gives me today,c'est vrai que c'est l'impression que ça me donne aujourd'hui.,cest vrai que si cest limpresion moi que sa me done aujourd'hui,"In any case, it's true that it's the impression that it gives me today.","in any case, it's true that it's the impression that it gives me today.","Anyway? Today Today, Today, today, Today... Which Which Which Today Today Today? Today... Today Today.",1,seg_0164,486.88
R05,spk1,droite,elle est où cette école rue Keller,where is it that school rue Keller,where is that school on rue Keller,Elle est où cette école ? Rue Keller ?,alez-vous cete école rukeler,"Didn't we say it? I've just come back from a game shop. Oh, shapes ethnicity? Oh yeah, basically. So I thought it was actually a game shop. By the way, his form was Court of 우리가. But you know, it's the other screen. So I either sort by worries me in public or want to focus on what sotto think I want to share. found at the time.","where is this school, Rue Keller",Where is this Rukeler school?,2,seg_0204 + seg_0205,620.98
R06,spk1,droite,donc j'ai fait l'école privée moi dans ce quartier dans le onzième,so I attended a private school me in this neighborhood in the eleventh,so I attended a private school in this neighborhood in the eleventh,"Donc, j'ai fait l'école privée, moi, dans ce quartier, dans le 11e. ",donc j'ai fait l'école privée moi dans ce quartier dans le onzième,"So I did private school in this neighborhood, in the 11th. ","So I went to private school in this neighborhood, in the 11th. ","So, I made the private schools my own, in this quarter, in the eleventh, private schools... in this neighborhood. ",1,seg_0214,639.42
R07,spk2,droite,et s- ça vous suffit ce qu'il y a justement le tissu euh théâtre MJC cinémas,and is it enough for you speaking of what there is the fabric well theater MJC cinemas,and speaking of is the fabric of theater MJC cinemas enough for you,"Et ça vous suffit, ce qu'il y a justement, le tissu, le théâtre, M.J.C., cinéma ?",ja vous sufite quil y a justement le le tisu le théâtre à mégyscé cinéma,"And it's enough for you to have the fabric, the theater, the MGC, the cinema...","And is it enough for you that there is, precisely, the fabric, theater, Mjc, cinema?","That’s enough for you, that there is, of course, the theater, theatre, entertainment, cinema,... theater.",1,seg_0488,1538.2
R08,spk2,droite,vous êtes contente que ça existe toutes ces choses ou,are you happy that they exist all these things or,are you happy that all these things exist or,"Vous êtes contente que ça existe, toutes ces choses ?",vous êtes content que ça existe toutes ces choses,Are you happy that all these things exist?,Are you happy that all these things exist?,Are you happy that all these things exist?,1,seg_0557,1786.91
R09,spk1,droite,on est souvent au bar nous bon c'est vrai qu'on aime bien etre au bar,we are often at the bar us well it is true that we like being at the bar,we are often at the bar well it is true that we like being there,on est souvent au bar. C'est vrai qu'on aime bien être au bar.,pourqueyt souvent au bare nonion sera quon aime bien,we go back to the bar. We like being at the bar. ,we are often at the bar. we are often at the bar. It's true that we like to be at the bar,"we’re often at the bar. Well, it would be good if we liked each other so badly.",2,seg_0569 + seg_0570,1833.39
R10,spk2,droite,oui ben c'est très chaleureux un café,yes well it is very warm a cafe,yes well a cafe is very warm,"Oui, mais c'est très chaleureux.",oui c'est très chaleureux,"Yes, but it's very warm. ","Yes, but it's very warm.","Yes, it is very charming! That very very Charming! Goodbye to you.",1,seg_0583,1881.95
R11,spk2,droite,alors ça serait quoi les bons restos alors,so what would it be the good restaurants then,so what would the good restaurants be then,Alors ça serait quoi les bons restos ?,léon oresto avante,So what would it be like in the restaurant? ,So what would be the good restaurants?,"Yes, yes, it’s for the first time, but not for the second time.",1,seg_0625,2069.57
R12,spk2,droite,vous vous avez connu ça le chômage et les problèmes,you you have known that unemployment and the problems,have you known unemployment and problems,"Est-ce que vous avez connu ça, le chômage ?",vous avez conu ça le chômage,Have you ever experienced this? ,"Did you know that, unemployment? ","What did you know about this, the unemployment? ",1,seg_0717,2564.84
R13,spk2,droite,est-ce que ça a un intérêt quelconque pour vous les batailles politiques de Paris,does it have any interest for you the political battles of Paris,do you have any interest in the political battles of Paris,"est-ce que ça a un intérêt quelconque pour vous, les batailles politiques de Paris",est-ceqest-ceque ça un intérêt quelconque pour vous les batailes politiques de paris,Is the municipality interested in the Paris political battles?," is it of any interest to you, the political battles in Paris","does it have any interest for you, the political battles in Paris",1,seg_0738,2694-06-01 00:00:00
R14,spk1,droite,c'est vrai que c'est des bons repères l'école,it is true that it gives you good reference points school,it is true that school gives you good reference points,"C'est vrai que c'est les bons repères, l'école.",cest braque cest les bons repère lécole,"It's true that it's the right landmarks, the school...","It's true that it's the good marks, the school","It’s true, it’s the good meals, the school...",1,seg_0808,2967-08-01 00:00:00
R15,spk1,droite,le café La Renaissance que j'aime beaucoup moi qui est à place Voltaire,the cafe La Renaissance that I like a lot me which is place Voltaire,the cafe La Renaissance that I like a lot which is place Voltaire,"le café La Renaissance, que j'aime beaucoup, moi, qui est à Place Voltaire.",le café de la renaisance que j'aime beaucoup moins que la place voltaire,"where the café La Renaissance was, which I really like, which is in Place Voltaire.","the café La Renaissance, which I really like, which is in Place Voltaire,","the Renaissance coffee coffee coffee, which I like, in the cafe, or in the coffee coffee that I remember, in Voltaire.",1,seg_0813,2977.76
R16,spk1,droite,si on l'a fait celui-là c'est immense hein enfin le musée Guimet,yes we did it that one it is huge right well the musée Guimet,yes we did the musée Guimet it is huge,"Si, on l'a fait, salut, c'est immense, enfin, le musée Guimay",si on la fait celui-là c'est imense afin le musi guymère,"Yes, we did. It's huge.","Yes, we did it, it's huge, the Guimé Museum","If we did it to him, if we didn’t do it to himself, that’s terrible! At last, it seems immense to me. ",1,seg_0835,3121.78
R17,spk1,droite,à la fois c'est très petit Barcelone,at the same time it is very small Barcelona,at the same time Barcelona is very small,"à la fois, c'est très petit, Barcelone.",à la fois cest très petit barcelone,"at the same time, Barcelona is very small.","at the same time, it's very small, Barcelona.","Barcelona Barcelona BarcelonaBarcelona Barcelona Barcelona Barcelo Barcelona Barcelona, Barcelona Barcelona Bar Barcelona Barcelona. Barcelona Barcelona barcelo Barcelona Barcelona... Barcelona Barcelona Barca Barcelona Barcelona Bal Barcelona Barcelona Marcelo Barcelona Barcelona Sebastian Barcelona Barcelona Bas Barcelona Barcelona Barbara Barcelona Barcelona BAR Barcelona BarcelonaCB Barcelona Barcelona bar Barcelona Barcelona Barbosa Barcelona Barcelona Barba Barcelona Barcelona Bath Barcelona Barcelona Marcel Barcelona Barcelona Baro Barcelona Barcelona Bristol Barcelona Barcelona Valencia Barcelona Barcelona Bart Barcelona Barcelona Marcell Barcelona Barcelonabas Barcelona BarcelonaBC Barcelona Barcelona Ber Barcelona Barcelona Bac Barcelona Barcelona Bari Barcelona Barcelona Bilbao Barcelona Barcelona Bre Barcelona Barcelonabar Barcelona BarcelonaBar Barcelona Barcelona Barro Barcelona Barcelona Catalunya Barcelona Barcelona Barna Barcelona Barcelona BRU Barcelona Barcelona BC Barcelona Barcelona Bala Barcelona Barcelona Brussel Barcelona Barcelona Basketball Barcelona Barcelona Basel Barcelona BarcelonaBru Barcelona Barcelona Bis Barcelona Barcelo Barcelo Barcelo Barcelona BarceloBarcelona BarcelonaBarcelona Barcelo BarcelonaBarcelonaBarcelona Barcelona Barcelo, BarcelonaBarcelona, Barcelona Barcelo brunette Barcelona BarcelonaBal Barcelona Barcelona ‘ Barcelona Barcelona Brazil Barcelona Barcelona Anastasi Barcelona Barcelona very very very small Barcelona Barcelona Pablo Barcelona Barcelona Belo Barcelona Barcelona Barre Barcelona Barcelona Bruxelles Barcelona Barcelona Bár Barcelona Barcelona Cervantes Barcelona Barcelona BAL Barcelo Barcelona Bar Bar Barcelona Barcelo Bar BarcelonaBarcelona Bar Barcelona Bar Barcelo Barcelona Bal Bal Barcelona Barcelo well Barcelona BarcelonaBut Barcelona Barcelona Barbie Barcelona Barcelonabru Barcelona Barcelona But Barcelona Barcelona but Barcelona Barcelona Balo Barcelona Barcelona Bruno Barcelona Barcelona Nicolás Barcelona Barcelona Sebastián Barcelona Barcelona Carlos Barcelona Barcelona? Barcelona Barcelona Catal Barcelona Barcelona Pietro Barcelona Barcelona By Barcelona Barcelona Miquel Barcelona Barcelona – Barcelona Barcelona billet Barcelona Barcelona Barra Barcelona Barcelona Bri Barcelona Barcelona IB Barcelona Barcelona Bologna Barcelona Barcelona B Barcelona Barcelona Brun Barcelona Barcelona Bat Barcelona Barcelona Marseille Barcelona Barcelona Par Barcelona Barcelona bluetooth Barcelona Barcelona bachelor Barcelona Barcelona Bachelor Barcelona Barcelona Balti Barcelona Barcelona Cataluña Barcelona Barcelona Bluetooth Barcelona Barcelona Flores Barcelona Barcelona CBS Barcelona Barcelona Well, Barcelona BarBarcelona Barcelona BarcaBarcelona Barcelona Bar Bal BarcelonaBarcelona Barca Barcelona Barcelo... Barcelona Barcelo Barca BarcelonaBarcelona Bal Bal Bal Barcelo Barcelo Bar Bar Bar Barcelo BarceloBarcelonaBarcelonaBarcelona BarceloBarcelona Bar BarBarcelonaBarcelona Bar BarceloBarcelona Barcelo Barcelo Bal BalBarcelona Barcelona,Barcelona Barcelona Bal Barcelo Barcelona Barca Barcelo Barcelona...... BarcelonaBarcelona Barba Barba Barba Barcelona Barcelo Bal Barcelona Bar Barba BarbaBarcelona Barcelona... Bar Barcelona...Barcelona Barcelona Barba Barba Bar Barcelona Bal bal Barcelona Barcelona Alexandre Barcelona Barcelona Belle Barcelona Barcelonabut Barcelona Barcelona Picasso Barcelona Barcelona Beethoven Barcelona Barcelona Bes Barcelona Barcelona Bernardo Barcelona Barcelona Pelo Barcelona Barcelona Ves Barcelona Barcelona Bot Barcelona Barcelona Enrique Barcelona Barcelona CB Barcelona Barcelona Bour Barcelona BarcelonaBasbas Barcelona Barcelo Barba Barba Barcelo Barcelo......... Bar Bar Bal Bal Bar Barcelonabasbasbas BarcelonaBarcelona... Barcelo Barcelo Barba BarcelonaBarcelona Very very very pretty very very Pedro Barcelona BarcelonaBIS Barcelona Barcelona Catalan Barcelona Barcelona Marcos Barcelona Barcelonaレス Barcelona BarcelonaB Barcelona BarcelonaSB Barcelona Barcelona Bru Barcelona Barcelona Bos Barcelona Barcelona",1,seg_0871,3269.66
