ID,Citation contexte (FR),Speaker,Type,n_segs,segments,audio_start_s,Référence trad. CALQUE (EN),Référence trad. IDIOMATIC (EN),whisper_en_per_seg,whisper_en_cont,xlsr_en,bleu_whisper_per_seg_calque,chrf_whisper_per_seg_calque,ter_whisper_per_seg_calque,bleu_whisper_per_seg_idiomatic,chrf_whisper_per_seg_idiomatic,ter_whisper_per_seg_idiomatic,bleu_whisper_cont_calque,chrf_whisper_cont_calque,ter_whisper_cont_calque,bleu_whisper_cont_idiomatic,chrf_whisper_cont_idiomatic,ter_whisper_cont_idiomatic,bleu_xlsr_calque,chrf_xlsr_calque,ter_xlsr_calque,bleu_xlsr_idiomatic,chrf_xlsr_idiomatic,ter_xlsr_idiomatic,comet_whisper_per_seg_calque,comet_whisper_per_seg_idiomatic,comet_whisper_cont_calque,comet_whisper_cont_idiomatic,comet_xlsr_calque,comet_xlsr_idiomatic
L01,moi ma voiture elle est garée dans la rue,spk1,gauche,1,seg_0007,14.68,me my car it is parked in the street,my car is parked in the street,My car is parked in the street.,my car is parked in the street,"my car, my car and the street’s cars and the road’s in the street.",52.4736,75.1112,33.3333,84.0896,94.4356,14.2857,53.1375,79.7869,22.2222,100.0,100.0,0.0,11.4471,40.1191,111.1111,11.4471,43.0582,142.8571,0.8214,0.9439,0.8571,0.9745,0.4763,0.4239
L02,le deux-roues ça ne vous déplairait pas,spk2,gauche,1,seg_0047,138.62,a two-wheeler that would not displease you,would you not mind a two-wheeler,You won't dislike the two roads.,"And the two routes, you won't dislike?",The two roads will not displease you.,6.5673,17.3264,100.0,6.5673,15.6002,100.0,4.7677,19.7234,100.0,4.7677,19.3156,116.6667,20.5567,45.9813,71.4286,6.5673,20.1026,116.6667,0.5046,0.4828,0.4506,0.4599,0.6141,0.4957
L03,puisque moi voilà je peux me dire mais je viens te chercher,spk1,gauche,2,seg_0056 + seg_0057,166.96,because me I can say to myself but I will come pick you up,because I can say to myself but I will come pick you up,Because I can tell myself...,"Because I can tell myself, but I just got here, you're late, you'll be... but I just got here, you're late, you'll be...","No, no, they love walking... since they love to walk... well, well, I can say that... well... I love walking.... that she love walking! Well, you can call her... “walk walking walking... ”.... I can call herself “walk.... “... ”... “no, “......”... “s calling... “No, ”......... “do Walking......... “...... walking...... ” —... “.........?...... Oh, “....... walking...............”......“.......... for nothing...... for...... For......for......des.............. –...... women......nice...... March...... marches...... march...... because...... she...... is...... sleeping walking... for walking...? Well,...... oh,...... for...... walk...... since......cady...... shopping...... while...... -...... che...... Well...... I......can...... saying...... That...... Can call me...... what......say......Can......that......mine...... So......you can... call...... Cannes......de......sordon...... Desno......but......maybe......play...... then......yes...... Since...... Mother......of......is......now...... why......watch...... cause......sof......to......dodo......so......Well......if......persom......and......from......no...desdesdes...for-......the......not......by......other......thanno...nono...No......Don......No....nothing......or......stop......se......good......while......stin......well......me......I can......some......fa......fe......l......was......my......with......spece......her......it......all......she......lando......then......what......change......s...nomore......one......this......com......minu......un......bet......just......les......ther......let......how......word......sou......said......menu......be I am coming to look for me, you will be late late late, late late — there you go, there you — You’ll be late — late — soon — You will be there — Here — There you — — I will come late late. If I am looking for you, you late late early, you are late late! You — — You — That — So, there it — Here you — It — Well — That time, when I will go late late Tar Tar Tar late, you — When I will be — Later late late... You — There — You Will Be Here — Time late late I — Whenever I — I — If I will find myself — You late late tar late late; You — When late late long — — So late late soon — So — So that — That I — — — Here Here — That... That — That You — I I — Where I — Well I — So I — Wait I — What I — Who I — Oh I — You I — Me I — Then I — Once I — But I — “ I — if I — Even I — Though I — Hey I — Since I — And I — While I — From — I * I — Was late late a late late when — When — You Are late late Too late late? You late — When When I — That late late A late — — When You — You You — Sud late late La late late... You — So So — You Co I — There Here — — That That — — There I — Here I — Now — That Here — You Here — When Well — When If I — She I — Time I — How I — As I — Ah I — God I — Some I — Do I — Ala I — Sorry I — Soo I — Fast late late fast — When... When I I I... When When — If If — If — When when I — Till I — Although I I When I When — I When When When If — I If I I If — — If if I I Where — I... I — Boy I — when I I wait I — ” I — Because I — where I — Sometimes I — Which — When you — If when I When when — I already — If When — When ( When I If If If I Yay I — Of When I... If If When When when when — You When — Where — When Wait I I Who — When Who — I Oi I — Why I — Yes I — In — When Where No, no, no! Let’s walk, let’s go for a walk. Let us walk.",6.2043,25.9021,78.5714,11.8237,31.7444,76.9231,3.4072,26.3824,135.7143,5.3325,30.211,138.4615,0.1843,4.2656,4228.5714,0.1803,4.2777,4553.8462,0.4947,0.5142,0.4683,0.468,0.3952,0.3838
L04,oui moi le souvenir d'avoir vraiment euh enfin mes ouais plus beaux moments je crois que c'est de jouer au ballon dans la rue,spk1,gauche,3,seg_0066 + seg_0067 + seg_0068,200.54,yes me the memory of really having well my greatest moments I think it is playing ball games in the street,yes I think my greatest memories are of playing ball games in the street,"Yes, I have the memory of having... But yeah, the best moments... I think it's playing  with the ball in the street.","Yes, I have memories of having really... Well, yeah, but the best time, I think, Well, yeah, but the best time, I think, is to play after school, with the ball in the street.","Yes, I have memories of really having a wife. But......but... but more Beau Beautimes, but... but... more beautiful... but worse... but better... but but... worse worse worse...... but...... more beautiful moments......... but but... more more beautiful times... but... but more more warmer... but worst worse worse... but...... more Beau...... ” but...... but less hap hap hap... but — but... bright... more more more... more Beautimes...... But............... but even more more gent... more... but most Beau Beau Beau... but?... but worse worse hap hap............... and... but the more more hap haptimes... but with more more pleasant... but sweet... more hap...... worse worse worst... butBut... more worse worse more...... more... but better hap hap worse...... But... but dar dar... but at more more Beau moments... but really...... better...... faire faire... but ma... but it more more ble worse worse moment... but this... but these... but those more more brighttimestimestimes...... I think it’s to play in the swing in the corner in the street.",9.632,51.9599,71.4286,6.5024,40.8636,121.4286,4.5204,37.3183,138.0952,4.1234,37.693,221.4286,0.7182,19.2735,733.3333,0.4803,13.1098,1121.4286,0.7255,0.6813,0.5711,0.5598,0.3318,0.2858
L05,les jeux de ballon c'étaient pas des jeux des petites filles,spk2,gauche,1,seg_0075,238.66,ball games those were not little girl games right,ball games were not really games for little girls were they,"The balloon was not a little girl's hair, right?","But the ball games weren't little girls' games, were they?","Ballons weren’t little girls’ games, were they?",4.9324,36.122,88.8889,4.4569,27.7277,81.8182,8.5166,52.378,88.8889,10.6003,60.4359,81.8182,6.2747,40.6907,88.8889,9.08,46.8718,90.9091,0.4966,0.4331,0.7939,0.8146,0.6946,0.7181
L06,j'ai une amie là je l'ai connue en première année de maternelle,spk1,gauche,2,seg_0086 + seg_0087,269.0,I have a friend I met her in the first year of preschool,there is one friend I met in the first year of preschool,I have a friend. I met him in my first maternity leave.,"I have a friend, I met her in her first year of high school.","Some of these people, I knew her from matern matern maternal nurse, in my maternal first maternal birth, I saw her maternally, I knew she knew her maternal maternal me, I was with maternal breast breast breast, I met her mother maternal I knew him maternal, I know her I knew my matern materntal I was maternal infant maternal parent, I had known her pater pater maternally I saw me me I knew it matern maternally; I knew myself I knew me maternally maternally: I was a maternal child, I experienced her maternl I knew them maternally. I knew the maternal my materne I was Materal I was my maternnal I was breast breast I was I was born, I thought I knew I was by maternal matern maternality, I recognize her matern maternI I saw my maternAL I I was was matern maternelle I was, I used maternal i I was Marine maternal My matern maternle I was sick matern matern parent I I I saw she knew me me matern maternale I I am matern matern Parent parent parent I was me I I did I I my materntal matern matern I I gave I was accident I I breast I saw I was mari matern maternthal I I wo I I med matern matern breast I I i I my I was na matern matern juridic I I, I my my matern Mother matern matern was I I matern matern my matern I was... I was married I was pregnant I was mother matern materni I I bore I I virgin I I IV I was old I was young I I cal I I ge I was ministeri matern matern pater matern matern matri I I looked I I remember I I told my matern parent parent parent my I I soli I I mar I was kinder matern matern ill I I would I I d I was ma matern matern Mater matern matern mine I I — I I bru I was parent I my was matern I matern I am my matern my my my I matern parent matern maternile I I Breast breast I am am I I III I I received I was at matern maternpal I I nur I I impar I I myself I was pas matern matern brutal I I j I I parent I am was I my parent parent matern I breast breast was I am breast I my breast I matern my I am, I I age I I reproduc I I marine I I took matern matern Na matern matern Pal I I provident I I melan matern maternterna I Iwas I I sexual I I mam I I mother",22.7187,39.8278,46.1538,7.1418,25.5428,75.0,37.6747,67.4614,30.7692,12.4516,46.176,66.6667,0.365,5.1436,3469.2308,0.1961,4.5789,3775.0,0.5774,0.5455,0.8528,0.7531,0.3146,0.292
L07,ouais moi je me dirais jusqu'à sept heures,spk1,gauche,1,seg_0094,289.28,"yeah me I would say until seven o clock,",yeah I would say until seven o clock,"Yes, I would say until 7 o'clock.","Yes, I would say until 7 o'clock,","Well, I would go until seven, at seven",28.241,50.7292,55.5556,29.8475,54.757,50.0,28.241,53.713,55.5556,29.8475,54.757,50.0,12.5493,40.6562,66.6667,11.8684,43.081,62.5,0.8519,0.8741,0.8744,0.8783,0.7068,0.6909
L08,ça c'est quelque chose qui m'a énormément ben marqué,spk1,gauche,1,seg_0106,321.66,that that is something that really stuck with me,that is something that really stuck with me,It's something that really struck me.,"that's something that really struck me,","This is something, though, still, it still matters to me a lot, even pointed out, maybe, that’s appreciated me a a a huge thing, anyway, I might noticed it.",19.7406,58.614,66.6667,22.7721,64.3278,62.5,19.7406,61.9526,66.6667,22.7721,67.9056,62.5,2.145,29.6687,311.1111,2.145,29.2964,337.5,0.7965,0.8343,0.845,0.87,0.49,0.4905
L09,moi je pouvais rentrer quand même à n'importe quelle heure,spk1,gauche,1,seg_0117,355.18,me I could come back home at any hour,I could come back home at any hour,I could go home at any time.,I could go in at any time.,"Well, maybe I could still have some time at any time. Anytime, anytime, with any time, of any time myself, I could have at any hour.",22.8114,41.534,44.4444,25.8487,44.3055,37.5,13.7843,25.9211,55.5556,15.6197,27.6461,50.0,5.2569,35.9026,244.4444,5.2569,34.0458,275.0,0.8848,0.9098,0.7826,0.7842,0.5006,0.4777
L10,alors moi je sais même plus quand est-ce qu'il est devenu à la mode,spk1,gauche,1,seg_0133,409.26,well me I do not even know when it became trendy,well I do not even know when it became trendy,I don't even know when it became fashionable.,I don't even know when it became trendy.,"Well, I even know more about what has become fashionable.",37.4055,58.2636,45.4545,41.8013,61.0,40.0,48.8829,75.5771,45.4545,54.6276,79.2484,40.0,8.0545,27.9521,81.8182,8.0545,28.7241,80.0,0.8399,0.8975,0.8783,0.9262,0.5584,0.592
L11,enfin moi le peu que je connais de restos dans le onzième en tous cas des petites restos quoi simples on mange mal,spk1,gauche,2,seg_0157 + seg_0158,470.48,well me the little I know of restaurants in the eleventh in any case the small simple ones the food is bad,well from the little I know of restaurants in the eleventh at least the small simple ones the food is bad,"I don't know much about restaurants in the 11th. In any case small restaurants, simple, we eat badly.","Well, the few restaurants I know in the 11th, in any case, small restaurants, simple, we eat badly.","I can only know myself, Resta in the 11th in the eleven meme amongst the eleventh. However, there are little small restaurants, what simple, we eat badly.",12.2859,40.3317,68.1818,7.9464,35.4673,80.9524,9.8493,40.0521,63.6364,5.45,34.1375,71.4286,4.1806,46.2295,100.0,4.0907,46.7834,109.5238,0.6461,0.6063,0.6975,0.6522,0.5086,0.4733
L12,oui oui mais moi je dirai très peu quand même,spk1,gauche,1,seg_0179,535.02,yes yes but me I would say very few really,yes yes but I would say very few really,"Yes, but I would say very little anyway.","Yes, but I would say very few anyway.","Yes, but I would say very little still.",29.0715,42.9011,50.0,41.1134,52.3993,44.4444,42.7287,51.2267,40.0,53.7285,61.416,33.3333,29.0715,42.1796,50.0,41.1134,51.7104,44.4444,0.7197,0.7309,0.8669,0.8999,0.6892,0.7112
L13,alors donc vraiment le mélange ça vous ça vous plaît,spk2,gauche,1,seg_0187,549.7,so the mix you you really do like it,so you really do like the mix,"So, really the mixture is complete.","So, really, the mixture, it has changed.","So, the mixture is really the same.",6.4139,32.812,88.8889,7.2679,37.883,85.7143,5.3002,31.292,100.0,4.9324,35.2498,100.0,6.2747,31.8763,77.7778,6.2747,36.1222,85.7143,0.5149,0.5912,0.4831,0.524,0.4825,0.5452
L14,sauf que moi j'ai eu enfin la malchance entre guillemets,spk1,gauche,1,seg_0201,601.88,except that me I had well the misfortune so to speak of going to a private school,except that I had well the misfortune so to speak of going to a private school,"Except that I had the bad luck, in quotes.","Yes, except that I, well, I had the bad luck, in quotes,","So I had the bad luck between between Gu Meg between between Guess between Gu Med Bet Bet Bet between Gu Me between between between Bet Bet Me between Bet between Bet Me Bet BetBet Bet Betme between Gu Gu Bet Betbet Bet Bet me Bet between between Me Me Bet between Gue between Gu Bet between Good Bet Bet bet Bet Bet Mel between between Go Bet Bet Am Bet Bet BE between between Guill Bet Betdes Bet Bet Mrs Gues Bet Bet God Bet Bet Des Des Des Me Me between Gu between Gu Gue Bet Bet At At At Finally The Bad Luck Bet Bet ” Bet Bet Gent Bet Bet Guedes Bet between Gui Bet Bet From Guedes between Gu Dame Bet Bet She Bet Bet Her Bet Bet Ms Gues between Guedesdes Bet Me Then Bet Bet Mine Bet Bet Till Me Bet Me Me Me? Bet Bet Ala Alas between between G Guedes from Bet Bet Miss Bet Bet Met Bet Bet Here Bet Bet My Me Me, Bet Bet at At At Last The Bad luck Bet Bet Of Bet Bet Ge Bet Bet Some Bet Bet Men Bet Bet Girls Bet Bett Bet Bet Gu Guedes Me Bet With Gu Me Bet Are Bet Bet Well Bet Bet Look Bet Bet ME Bet Bet Oh Alas Bet Me Do Me Me Where Bet Bet A lady Bet Bet De Me Me Does Me Me From Me Me At At Me Me Lady Bet Bet Besi Bet Bet Fi Bet Bet Fine Bet Bet Or Bet Bet Hmm Bet Bet Glen Bet Bet Beli Bet Bet Gren Bet Bet Come Bet Bet It Bet Bet Is Bet Bet Time Bet Bet Allah Bet Bet Sud Bet Bet Od Me Bet From Me Bet At Me Bet Second Bet Bet Again Bet Bet Women Bet Bet Deli Bet Bet Madame Bet Bet There Bet Bet Allas Bet between Guy Bet Bet Ben Bet Bet No Bet Bet App Bet Betol Bet Bet Se Bet Bet M Me Bet Be Bet Bet Bit Bet Bet Mer Bet Bet Times Bet Bet girl Bet Bet her Bet Bet Wow Bet Bet Who Me Me Too Bet Bet In Bet Bet Did Bet Bet About Bet Bet Mell Bet Bet Wo Bet Bet with Me Bet Miss Me Bet When Bet Bet Should Bet Bet Eh Bet Bet Ap Bet Betmely Bet Bet Soo Bet Bet Turn Bet Bet Bla Me Me Now Bet Bet alas Bet Bet Apart Bet Bet Trust Bet Bet Pu Bet Bet my Bet Bet Except Bet Bet Half Bet Bet Inter Bet Bet Mai Bet Bet somewhere Bet Bet Girl Bet Bet As Bet Bet Zwischen Bet Bet yer Bet Bet Heaven Bet Betse Bet Bet Mes Bet Bet Gand Bet BetMe Bet Bet Bet Bet Mere Bet Bet Will Bet between Me Bet",6.4962,20.6345,70.5882,15.7468,25.5809,68.75,7.1586,25.1846,82.3529,11.2038,27.3588,87.5,0.213,4.9279,2811.7647,0.2068,4.7706,2993.75,0.4709,0.4866,0.5182,0.5159,0.1688,0.1695
L15,à partir de là ses amis elle les elle revoit quand même des des copains blacks,spk1,gauche,2,seg_0257 + seg_0258,753.64,from there her friends she does see them again she does see Black friends,from there she still sees Black friends,"So from there, these years... She still sees black friends.","so from there, her friends, she still sees black friends,","From then onwards those years, those years of years. She still sees some of the black-and-white cops.",7.8594,34.97,85.7143,28.2956,69.6676,71.4286,10.2978,46.4244,78.5714,33.2602,72.5468,71.4286,2.2769,22.8223,107.1429,7.6584,38.3882,185.7143,0.5605,0.7288,0.6736,0.8078,0.4485,0.4818
L16,ma fille est rentrée elle a fait son lycée à Hélène Boucher,spk1,gauche,1,seg_0254,743.2,my daughter she came back she did her high school at Hélène Boucher,my daughter came back and did her high school at Hélène Boucher,My daughter went back to her high school in Hélène-Boucher.,"my daughter entered her high school at Hélène Boucher,","My daughter entered to kiss her high school in Helen and Helen’s high-me my girlfriend, I’ll my daughter.",15.3079,52.2283,53.8462,16.7648,55.0804,50.0,43.0734,68.1696,46.1538,47.6035,70.8874,41.6667,8.9617,38.4646,115.3846,9.3796,38.6623,108.3333,0.7912,0.8472,0.8013,0.8389,0.4028,0.414
L17,moi personnellement j'aurais plus peur euh de voilà de familles qui ont beaucoup de fric,spk1,gauche,2,seg_0285 + seg_0286,817.26,me personally I would be more afraid well of families that have a lot of money,personally I would be more afraid of families that have a lot of money,"Personally, I would be more afraid of... ...of famine. and that have a lot of money.","for me personally, I would be more afraid of families that have a lot of money, of families that have a lot of money, that...","Personally, I myself have more fears of “the fa-fafafa-fefefe. That Fat Fat Fat-fat? That fat-fa-fafefe? That’s... There are a lot of fries in the family, that make up a lot.",34.0791,68.0763,43.75,37.8635,76.472,42.8571,35.0061,76.4324,75.0,39.5518,82.066,92.8571,4.6209,32.2627,156.25,4.6209,33.0329,164.2857,0.5682,0.5573,0.6871,0.6827,0.3686,0.3443
L18,le l'école justement la vôtre et puis celle des enfants euh vous en avez plutôt de bons souvenirs,spk2,gauche,3,seg_289 + seg_290 + seg_0291,840.44,the the school speaking of yours and also the children's you have rather good memories of it,speaking of your school and the children's do you have rather fond memories of it,"School, the aim… N illustration ... I had quite good memories of it.","And so, the school, precisely, yours, since that of the children, yours, since that of the children, do you have any good memories or no memories at all?","So, the school is just like yours, yours. Then the children. Well, it’s more than good memories.",15.8445,30.1269,76.4706,9.6726,29.2724,86.6667,4.2239,47.2982,123.5294,5.0231,44.3459,146.6667,5.1543,44.4366,88.2353,2.1671,39.7309,113.3333,0.5418,0.5328,0.6006,0.6217,0.5404,0.5236
L19,alors vous c'était une école privée,spk2,gauche,1,seg_0293,847.62,so you it was a private school,so your school was a private school,So you are in a private school.,"So you, it was a private school, Catholic? A private school, Catholic, so in the mixed elementary, A private school, Catholic, so in the mixed elementary,","Levon was a private school. A private, catholic, private school.",25.8487,61.2763,42.8571,22.0896,51.8202,57.1429,11.3698,43.3085,300.0,7.316,43.0194,314.2857,17.7784,54.9532,114.2857,18.7983,57.8395,114.2857,0.7912,0.7799,0.5039,0.4866,0.5877,0.6159
L20,moi la pression je sais que j'ai pas connue,spk1,gauche,1,seg_0313,896.36,me the pressure I know I did not experience it,I know I did not experience that pressure,I didn't know the pressure.,I didn't know the pressure.,"I didn’t know how to feel the pressure, I did not know.",9.9115,39.7347,90.0,7.6541,34.7709,87.5,9.9115,39.7347,90.0,7.6541,34.7709,87.5,14.4589,42.9038,100.0,12.5712,38.8163,112.5,0.6391,0.6448,0.6391,0.6448,0.6242,0.576
L21,mes devoirs je me rappelle à peine en avoir fait,spk1,gauche,1,seg_0314,899.66,my homework I barely remember having done any,I barely remember doing any homework,I remember the pain of having done it.,"My homework, I don't remember having to do it,",I don’t regret having done it.,11.3396,40.4484,75.0,5.6698,28.2373,116.6667,11.2085,53.4756,62.5,4.9324,46.9452,116.6667,12.6007,26.8544,62.5,6.5673,11.8823,83.3333,0.476,0.4509,0.7356,0.6417,0.5319,0.5165
L22,moi je trouve que l'élémentaire fonctionne bien,spk2,gauche,1,seg_0333,961.38,me I think hat elementary school works well,I fthink that elementary school works well,I think the elementary works well.,"I think that elementary school works well,","Well, I think that the elemental is working well well, but the elementals do well well.",17.0261,55.2652,50.0,15.6197,57.426,57.1429,41.1134,86.271,37.5,54.1082,94.4772,28.5714,4.4808,35.9436,162.5,2.6643,40.1963,185.7143,0.8614,0.8938,0.893,0.9315,0.4821,0.4965
L24,je trouve ça très triste les années collège je trouve ça très très triste,spk1,gauche,2,seg_0345 + seg_0345,995.56,I find that very sad the middle school years I find that very very sad,I find the middle school years very sad,I find it very sad. I find it very sad.,"So I find that very sad, the years of college, I find that very, very sad. the years of college, I find that very, very sad.","Well, I find that very sad. I find this to be very sad for Anicholets.",10.5496,32.6332,60.0,9.5785,28.1922,87.5,19.9639,55.1114,106.6667,3.5155,32.2978,262.5,25.7723,47.7778,73.3333,6.0746,35.8511,137.5,0.6527,0.5143,0.6653,0.5101,0.5649,0.4304
L23,il y a un soutien pour quand même les enfants en difficulté moi je trouve,spk2,gauche,2,seg_0335 + seg_0336,966.96,there is support after all for children who are struggling me I think,I think that there is support for children who are struggling after all,There is support for children with disabilities. I find...,"that there is a real mix, there is a real support... I think so,",There is a support for children who are still in difficulty. I find myself.,15.1332,42.3148,53.8462,30.2664,45.7589,61.5385,6.0545,31.2707,84.6154,9.9177,36.5076,76.9231,19.5648,49.6841,61.5385,27.2259,52.211,69.2308,0.7256,0.7385,0.5322,0.5181,0.7091,0.678
L25,moi je pense qu'on peut pas rester assis,spk1,gauche,1,seg_0348,1010.38,me I think that you cannot stay seated,I think staying seated is not an option,I don't think we can sit down,I think we can't sit down,"Well, it’s true, we can’t stay sitting",6.7702,17.5107,87.5,6.7702,16.9936,87.5,11.6317,21.1495,75.0,11.6317,18.7826,75.0,4.7677,21.0531,87.5,0.0,15.9007,100.0,0.6173,0.5976,0.66,0.6155,0.7106,0.6669
L26,est-ce que pas moi je pense que si le parent aussi,spk1,gauche,1,seg_0373,1130.7,me I think that if the parent too,I think that if the parent too,I think that if the parent,"I think that if the parent also has to play the game today in the way you did at school, what my girlfriend was doing, you did at school, what my girlfriend was doing, she said to me, I do not care, he is big, he does what he wants,","I think that if the parents, as well as Saint-Éphephephe’s parents,",71.6531,82.1232,25.0,84.6482,88.4414,14.2857,8.014,36.0048,562.5,7.711,36.1857,628.5714,28.9178,63.225,87.5,28.9178,66.2909,85.7143,0.7634,0.7947,0.4683,0.4659,0.5225,0.5278
L27,il est grand il fait ce qu'il veut moi je vais pas regarder son cahier,spk1,gauche,2,seg_0374 + seg_0375,1137.08,he is grown up he does what he wants me I am not going to look at his notebook,he is grown up he does what he wants I am not going to look at his notebook,"he's tall, he does what he wants. I don't want to look at it without a notebook.","he is big, he does what he wants, I do not want to watch his notebook,","What I do for myself, my copies, my copy of my copy, me me, my me me me myself, mine mine my big... my riches, what who who who wants what what what who wants?... what who what who needs what what anyone who who what what whatever what what whom what what everything what what everyone what what that who who Who who who whatever whatever what whatever whatever whatever... what what the big... and what who whatever what who want what what w... what to what what... what... whatever what is what what if what what... what what — what what, what what’ what what with what what...... my mom, what... my big, what, my colo... my me, what my, my, what cooking, my... my fat, my myself, what that what what my big big, and what whatwhat what what this who who anything what what What what whatWhat what whatever what what else what what people who what whatever who who whom what who Who what what their what what? what what they what what all what what when what what which what what in what what everybody what what whose what what those what what Who who what...... what that whatever what... that what who whom who who... whatever whatever who what w what what from what what on what what rich what what ”... what, whatever what that... what whatever that what whatever...... my my my... what my my copie me my my copy what my myself what my copie what my whatever what my what my copy me my myself my my whatever my my myself myself my copie my my piece my my info what my mom what my... me my mine my my mom my my mine what my me what my coverage what my painting my my cou what my Mom my my what what mine my myself... my myself whatever my mine mine what what myself what what stuff my my boss what my mine... my... mine my me my me... my mine me, mine me me... mine mine mine me myself myself myself, me, me myself me me my, mine, my my me myself my me mine mine myself myself me, myself myself what mine mine, mine my mine, what mine what big big big... what grow what what king what what bigger... and whatever what everything whatever what What who who need what what where what whatW what what el what what riche what what! what what wealth what what doing what what W what what WHO what what at what whatw what what important what whatbig I thought I was looking over my shell.",25.3474,48.1883,68.4211,25.3474,49.5376,66.6667,26.1049,49.1207,47.3684,26.1049,50.5406,44.4444,0.1017,5.2167,2331.5789,0.0979,5.1162,2461.1111,0.5592,0.5429,0.7278,0.7452,0.2731,0.2526
L28,alors que vous vos parents n'avaient jamais surveillé les devoirs,spk2,gauche,1,seg_0377,1149.5,whereas you your parents had never monitored homework,whereas your parents had never monitored your homework,"while you, your parents, never survived.","While you, your parents, have never survived your homework?","When you, your parents, never woke up to your debts.",11.3396,32.4798,75.0,10.5527,32.2552,87.5,8.5166,43.8293,87.5,10.128,52.8065,75.0,7.3471,33.8657,112.5,7.3471,34.3891,100.0,0.553,0.4936,0.6454,0.5492,0.5408,0.4825
L29,enfin lui c'était sa langue maternelle à la maison par exemple,spk1,gauche,1,seg_0400,1239.52,well him it was his mother tongue at home for example,well it was his mother tongue at home for example,and that was his mother tongue at home.,"He was his mother tongue at school, for example.","Him, for example, was his maternal language at home.",47.0349,59.4834,54.5455,52.5624,63.0247,50.0,40.3528,64.3792,45.4545,40.3528,68.4831,40.0,12.1921,46.3196,72.7273,11.7312,48.3495,70.0,0.8722,0.8886,0.7871,0.7747,0.7836,0.7456
L30,alors les équipements culturels de quartier vous avez l'air d'en profiter beaucoup,spk2,gauche,1,seg_0442,1361.44,so the cultural amenities of the neighborhood you seem to take advantage of them a lot,so you seem to take advantage of the cultural amenities of the neighborhood a lot,"The cultural equipment of the neighborhood, you seem to enjoy it a lot.","So, the cultural equipment of the neighborhood, you seem to enjoy it a lot.","So, you seem to be taking advantage of the neighborhood’s cultural facilities.",19.353,49.5665,50.0,20.6872,52.3297,66.6667,18.4369,50.8645,50.0,18.4369,53.667,66.6667,13.926,59.0112,75.0,17.7871,61.9243,66.6667,0.7787,0.7322,0.7701,0.705,0.7515,0.7912
L31,la MJC dans mon souvenir c'est un beau souvenir,spk1,gauche,1,seg_0446,1387.0,the MJC in my memory it is a beautiful memory,in my memory the MJC is a beautiful memory,"The MJC is a beautiful memory for me,","The MJC, in my memory, it's a nice memory,","In my memoirs, the memzies is a nice reminder, a good memory in my memory,",31.7622,60.851,60.0,58.7395,69.7158,55.5556,17.2422,43.8647,60.0,17.2422,45.5436,77.7778,10.9349,37.2089,110.0,10.9349,36.0751,100.0,0.8503,0.8777,0.8538,0.8297,0.5785,0.5709
L32,voilà donc moi à mon époque oui ça fait deux trois ans,spk1,gauche,1,seg_0451 ,1411.82,well so me back in my day yes it has been two or three years,well so back in my day actually it has been two or three years,"So at my time, it's been 2 or 3 years,","so, at my time, yes, it's been two, three years,","Well, for my time, indeed, I, my age, yes, it was two and three years, I was two three years - Well, I think, I’ve been three years I knew for, well, I know he’d taken three years to be a Guardian, but I know they’d kept a keeper for three years longer, I knew they took a guard guard for him for for, Well, For indeed, It’s being two three times — I’d — I knew he was a War Warwar War War War Guard, He’d A Guard, And for, That, I wasn’t three three — I thought for, I thought, He was a Guardian for for three three three-year — I knows that they gave him a Guardian Guardian Guardian, So, In fact, I actually, I really, I'd — Three Three Year — I think it’d for — A Good, Well Well, You’d For Actually, For Well, If Well, Well — Well Well — I, At Well, Now, I — Well — It’ Well, It Was T — I Inde, I My Time, Well I’ Well — All, I Well, And Well, Of Well, This — I — It Was Two Three Three — I Though, I Know He Had A War War Ad Ad Ad En En En Guard, Even Well, As Well, They Had Had A Guard Guard, I Guard Guard Guard — He Well, He Well Well Well No, He He Well — He He He — He — Well I — He Did A Guard — A Guard Ad Ad Guard, Who Well, With Well, The Well Well Guard, Well He — I Well Well He He Had Guard Guarded, I He He Guard Guards A Well, All Well, So Well Well I Well — — He We — He Last — He Cu Cu Cu — He Guard, A Guard Officer, He — Guard Guard Well, Who — Well He Well I Guard, All All All Well — So Well, From Well, Over Well, My Well, Your Well, Me, I I — I My Well — For — Well And Well — My — I Was Three Three Three And — — I I, I Was — I He — — — For All All Three — — All Well Well And — I So Well — That — I Fi From the front, I know that you have a Cap-a-Tup Cap Cap-Touts, trou trou trous, Trou trou trougois, trougoi trou trou go go... trou trou Trou trous trou trougou trou trou Gou trous... Trous trougou trou trougu trou trou Gues... trouou trou trou gou gou gou trous. trou trou Go go go go! trou troudou trou trouse trou trou Chus trous",3.9438,18.8168,73.3333,4.2866,17.0413,71.4286,8.5492,38.1429,80.0,8.226,33.9494,78.5714,0.2045,6.3432,2960.0,0.1997,7.4741,3171.4286,0.6633,0.6789,0.6531,0.644,0.3318,0.3296
L34,c'est vrai que les livres jusqu'à maintenant je les achetais beaucoup,spk1,gauche,1,seg_0463,1450.7,it's true that books up to now I bought them a lot,it's true that up till now I bought a lot of books,I've bought a lot of them.,It's true that I bought a lot of books until now.,"I would love to buy them until noon, I bought them a lot of things.",7.6465,22.465,91.6667,20.1267,31.528,66.6667,19.7294,53.3649,66.6667,54.5247,72.4572,41.6667,22.4075,40.908,83.3333,10.7045,31.6881,83.3333,0.6329,0.6528,0.8087,0.874,0.5539,0.5105
L33,la bibliothèque c'était pour la musique et les et les DVD,spk1,gauche,2,seg_0461 + seg_0462,1447.14,the library it was for the music and the and the DVDs,the library was for music and DVDs,It was for the music and the DVDs.,"because otherwise, the library was for music and DVDs.","otherwise else, the Bible Bible Library, Bible-the Bible-de Bible-school?... It was for the music and the DVD.",58.5045,61.5646,41.6667,14.9237,44.7341,57.1429,12.3203,48.3977,66.6667,57.0675,87.6003,42.8571,25.51,55.3953,91.6667,4.9247,37.9536,171.4286,0.7605,0.7817,0.7823,0.8716,0.5034,0.4718
L35,non Bercy c'est ah non c'est c'est extrapolé là,spk1,gauche,1,seg_0498,1567.98,no Bercy it is ah no it is it is outside my familiar area there,no Bercy is outside my familiar area,"No, it's extrapolated.","No, it's extrapolated, there.","Come on, it’s spread out! Well, that’s exaggerated...",1.4457,6.5861,100.0,7.1605,7.7602,100.0,2.4906,12.2178,100.0,6.5673,9.7639,100.0,0.0,13.8692,100.0,0.0,14.2143,114.2857,0.5247,0.5276,0.5226,0.4922,0.4891,0.4441
L36,alors euh les fêtes des voisins vous faites ça,spk2,gauche,1,seg_0546,1744.18,so the neighborhood parties do you attend them,so do you attend the neighborhood parties,The lack of neighbors?,"The neighbors' festival, you do that? The neighbors' festival, you do that?","Do you do this? What is the party of the neighbors’ neighbors? You are doing this, you are doing that.",5.8625,19.5691,87.5,7.1605,21.6607,100.0,3.2186,32.8409,125.0,3.2186,32.6007,142.8571,3.4823,36.3597,225.0,3.4823,36.0147,257.1429,0.467,0.4804,0.4917,0.4591,0.4628,0.4477
L37,le quartier c'est les cafés donc aussi,spk2,gauche,1,seg_0563,1812.97,the neighborhood it is the cafes too,the neighborhood is also the cafes,The key is the coffee.,"The coffee shop is the coffee shop, so ...","Yes, Gartier, it’s the coffee, that’s all.",15.2072,18.4222,57.1429,10.6822,13.3837,50.0,7.4956,21.3182,85.7143,4.4569,17.5358,116.6667,3.7478,18.6237,100.0,3.7478,17.869,116.6667,0.5223,0.5448,0.5343,0.5383,0.5063,0.483
L38,la fréquentation des cafés ou oui moi je trouve hein,spk1,gauche,1,seg_0596,1910.39,the frequenting of cafes well yes me I find,the frequenting of cafes well yes I find,"The coffee frequency? Yes, I think so.","The frequency of coffee? Yes, I think so.","Do you find coffees?... Do I find coffee?... Well, I find myself...",5.5224,27.2645,88.8889,5.5224,28.657,87.5,5.3002,30.5501,77.7778,5.3002,32.0973,75.0,3.4823,18.6043,111.1111,3.4823,18.9681,125.0,0.5031,0.5138,0.5194,0.5243,0.519,0.4876
L39,bon voilà moi je trouve que c'est très inconfortable,spk1,gauche,1,seg_0614,2014.51,well there me I find it very uncomfortable,well I find it very uncomfortable,I find it very uncomfortable,I find it very uncomfortable,I think it’s very unacceptable,54.8812,70.8706,37.5,81.8731,86.9841,16.6667,54.8812,70.8706,37.5,81.8731,86.9841,16.6667,6.9717,25.0542,75.0,10.4006,28.5628,66.6667,0.8692,0.9511,0.8692,0.9511,0.6807,0.7598
L40,parce que les bons c'est peut-être trop cher pour moi,spk1,gauche,1,seg_0628,2089-09-01 00:00:00,because the good ones it is maybe too expensive for me,because the good ones are maybe too expensive for me,because the goods are too expensive for me.,"Well, because the good ones are maybe too expensive for me.","It’s because the good goods are maybe too expensive for me, it’s hard goods for me.",28.422,68.213,54.5455,33.0101,72.5108,40.0,48.4427,82.1627,36.3636,73.617,97.118,20.0,26.8905,69.1743,90.9091,33.6802,77.4478,80.0,0.7418,0.8282,0.8505,0.9061,0.5424,0.5713
L41,moi je vais souvent parce que rapport qualité-prix c'est l'Extra Baule,spk1,gauche,1,seg_0632,2110.49,me I go often because value for money it is Extra Baule,I often go because Extra Baule is good value for money,I often go because the quality-price ratio is the extra ball,"I often go, because in terms of quality-price ratio, it's the Extra Ball",I often live in Paris because the highest quality report is the Extra Bull.,5.3559,28.763,66.6667,25.9654,38.4811,63.6364,3.9297,34.5454,91.6667,11.1149,40.6671,90.9091,3.9297,32.7488,91.6667,6.609,34.7161,100.0,0.5925,0.6002,0.6799,0.6519,0.5335,0.5052
L42,il y a des petits Turcs moi j'aime bien les petits turcs,spk1,gauche,1,seg_0637,2135.25,there are some small Turkish restaurants me I really like the small Turkish restaurants,there are small Turkish restaurants that I really like,"And then there are little turks, I like little turks.","And then there are the little turks, I like little turks.","And then, there are some small pieces that I like the little pieces...",6.818,19.9433,78.5714,8.0545,26.2887,100.0,7.1934,20.756,78.5714,7.3471,26.2983,100.0,17.695,33.3776,64.2857,7.1586,36.0128,100.0,0.5346,0.522,0.5475,0.5246,0.4872,0.5205
L43,tout ce qui est gros budget les vacances les week-ends je pouvais m'en faire mais je m'en fais plus,spk1,gauche,2,seg_0687 + seg_0688,2324.75,everything that is big budget vacations weekends I could afford them but I cannot afford them anymore,as for big budget items vacations and weekends I used to be able to afford them but I cannot anymore,"the big budgets, the holidays, the weekends, I could do that. I don't do it anymore","all that is big budget, the holidays, the weekends, I could do it, I don't do it anymore, all that is big budget, the holidays, the weekends, I could do it, I don't do it anymore,","Yes, yes, there is everywhere for all the big big budget, big budgets, public growth, budgets and holidays, summers, holidays on the weekend, I could be mine, I was right, there are everywhere everywhere, everywhere, yes yes, it is there, here, everything is big Budget, Big Budget, Budgets, Holidays, Vac Vac Vac everywhere, Every every budget, Every budget, Holiday, Every weekend, every weekend, and I could do it for me, so everywhere, for everywhere, right right now, then there are the budgets for growth, Budget, DA OK, So everywhere, from there are for everything the big Budget Budget,wawaWawawawaways, Vac everywhere I was I could eat my cake, I did it for PM, I knew, I had it, I am everywhere, and everywhere, it was everywhere, everything for Europe, for everything, for budget, budget, budget, — — budgets budgets — — — Budgets for budgets – big budget — —wawavavavawawares — — holidays — every every day, every every budget — every week, every summer, every deci I was that I was, I fed fed, Iwas, I thought, I guess, I would literally, I fixed, I’ ‘ I was indeed, I mean everywhere, there, everywhere everywhere everywhere right right right everywhere, everyone, for for everywhere everywhere everything everything, there there there is the budget, for economy, budget budget, Exp, budget — budget,Est, budget prices, budget leaders, budget times, budget adults, budget time, budget for budget — expexp, every budget for medium medium medium budget, every Tuesday, everyvara USA USA USA Yes, Iev, I have for PRI PRI PRI RO RO RO everywhere, yeah, there DIRECT DIRECT DIRECT, yes Yes Yes Yes, it true, it everywhere, daw daw daw everywhere, but everywhere everywhere is thevocvocvoc flexible, formelymelymely, ISAP, I — — for ubi everywhere, I authority, for USA USA everywhere, Yes Yes yes yes yes Yes, everywhere — it is everywhere, look everywhere, every everywhere, i Yi Yi Yi, I everywhere, is everywhere everywhere — for everywhere right everywhere everywhere; for everywhere Look everywhere, y fast, for course course course everywhere, come everywhere, absolutely, for OK OK OK everywhere, okay everywhere, OK everywhere everywhere for everywhere — — go go everywhere, we I’m me me me mes me me, because if we Weekend Weekend Weekend Week Week Week Weekend Weekend weekend weekend weekend Weekend weekend Week Week weekend weekend week I I I Wi Week mine on I infidel myself myself mine mine mine Mine Mine Mine Me Me Me, mine minemine mine mine Je Je mine mine Football me, my mine mine Euro myself, which I mine mine EUR three me Euro I, I even have mine mine; it me, me, mine me, that I mine myself, mine I I, and myself myself myself, me & mine mine, me me I, mine, I, myself, my, me and mine mine € me, I myself, myself myself ironi ironi ironime of mine mine me me mine mine myself myself... me me. me me Me me, myself me, jer me me Mes me, Jer me me & I I mine, mine myself mine, my myself, I swe me, My me, je me, Je me me — me messing me, Me me me myself, Je Je Je me I mine I, my me, Ray me me my me me l me me追い me me Jet me me 50% mine mine Me, I I myself myself me me ;-) myself myself Me me I I me, chu mine mine my me myself myself I I Compl myself myself 30% myself, Me Me me Me Me I I chroni myself myself my myself myself 30 myself myself Je Je Me Me myself myself economic myself myself am mine minejim myself myself My my my my mine, myself mine myself I mine my my, mine my mine myself me I myself mine my myself I myself I, me myself mine I mine me myself me Me I myself me mine, Me I mine Me Me mine mine I myself my my myself mine Me me mine myself Me Meme myself myself; I I Me me myself I me me。 I Ilai myself myself * mine mine My I I MY myself myselfaime myself myself. Me Me my me Me myself I Me I me Me, me I me I Me myself mine me Meme me me Jaume mine mineme Me Me Je Je I mine Mine mine mineMINE mine mine Million Me Meuse Me Me meme Me Me My My My Me Me Che Me Me Jay mine mine Kill Me MeMe Me Me half Me Me batteri me Me Je me Me mine Mine Me me Je Je myself myselfme Me me My My mine mine Mi mine mine Moi mine mine ki mine mine Mini mine mine mini Me Me alone Me Me fibro myself myself Mine Mine mine Me myself Me myself",5.2375,34.5639,76.4706,2.863,31.0194,85.0,6.548,37.1278,176.4706,2.0919,30.5402,165.0,0.1985,5.7558,4705.8824,0.1036,4.6498,4000.0,0.617,0.5896,0.5732,0.5136,0.339,0.3206
L44,après voilà moi je j'ai plus rien envie d'acheter quoi,spk1,gauche,1,seg_0692,2391-07-01 00:00:00,after that well me I I no longer have any desire to buy anything,after that well I no longer have any desire to buy anything,I don't want to buy anything anymore.,"because no, it's sure, after, I don't want to buy anything anymore.","Well, sure sure, after what? Well, after buy, I don’t know what to buy, what... what... What... what, what what...... what...what... what do that... what what, sure, what, after... what is sure, sure... after what...... what — — what... why... what am I bought enough to buy... what else to buy? what... how... whats... what me... whatchas... whatwhat... What what...? What... What, what do I don buying... what buy......... hi hi... whatWhat... what? what what what do... what What...?... what are sure...... so what... well... whatCh... what alone buy... What do...... What What............ what Chin... whatacquisition... what whatever... what Ac... what give... what honey... what it... what – what... hmm... what Lea... what! what... anyway... what CH... what.... what... what whatwhat what...",10.4344,31.3405,78.5714,13.398,32.7266,75.0,10.826,35.7214,78.5714,10.826,37.1741,83.3333,0.313,10.6525,842.8571,0.2913,10.4164,991.6667,0.7074,0.7874,0.6465,0.6386,0.2923,0.2851
L45,enfin moi à mon niveau elle veut jamais faire les boutiques,spk1,gauche,1,seg_0702,2443.27,well me at my level she never wants to go shopping,well from where I stand she never wants to go shopping,I'm not going to run any boutique,"well, at my level, she never wants to do the boutiques","Well, at my level, she never wants to make the shops",3.7087,10.336,100.0,3.7087,10.3359,100.0,28.9178,55.9497,54.5455,20.448,38.4342,72.7273,28.9178,57.4022,54.5455,20.448,39.9959,72.7273,0.4715,0.5017,0.7009,0.6147,0.591,0.5256
L46,si moi je fais les courses beaucoup,spk1,gauche,1,seg_0711,2499.57,yes me I do a lot of grocery shopping,yes I do a lot of grocery shopping,I do the shopping a lot,if I do the shopping a lot,"even if I’m still preparing for courses, prepare myself for a lot ofcourses, even prepare myself to go to school.... — Yes, prepare yourself for a few courses, even though I am preparing myself for many courses... — Prepare yourself for some courses.... Even prepare yourself to get ready for... — Ready to prepare yourself even though you are preparing... — Preparate yourself even while preparing....",14.7233,33.8221,55.5556,17.3935,36.1307,50.0,14.7596,33.9004,55.5556,17.0261,36.1725,50.0,0.9396,9.6611,711.1111,0.9396,9.273,800.0,0.8007,0.7852,0.6866,0.6582,0.3691,0.3264
L47,moi je si je considère que mes filles ont quand même,spk1,gauche,1,seg_0715,2544-02-01 00:00:00,me I yes I consider that my daughters still have,yes I consider that my daughters still have,if I consider that my daughters have...,if I consider that my daughters have still ...,if I consider my daughters are still worried about it.,41.1134,65.7887,50.0,41.1134,70.576,37.5,38.1633,70.6715,50.0,38.1633,75.6499,37.5,11.2085,48.8099,80.0,11.2085,52.086,75.0,0.6348,0.6779,0.6979,0.7478,0.5894,0.6279
L48,moi c'est ce qui m'aura marquée dans cette génération là c'est qu'ils vivent entre eux,spk1,gauche,1,seg_0722,2613.44,me what will have struck me about this generation it is that they live among themselves,personnallywhat will have struck me about this generation is that they live among themselves,"That's what I noticed in this generation, they live among themselves. I","that's what I noticed in this generation, is that they live among themselves ... hat's what I noticed in this generation, is that they live among themselves ...","that’s what I noticed in this generation, that they are living between each other",19.0477,53.3915,75.0,21.1421,49.5138,78.5714,15.5334,54.4141,131.25,15.0827,51.6817,150.0,7.3526,37.1239,81.25,7.433,34.5746,92.8571,0.7004,0.7096,0.6416,0.6408,0.6832,0.6836
L49,vos filles elles se politisent ou pas,spk2,gauche,1,seg_0727,2635-04-01 00:00:00,your daughters they get politicized or not,do your daughters get politicized or not,Yes. The marriage?? Your Mexican community?,Do they politicize themselves or not?,Are they collecting or not?,4.1961,13.3826,100.0,4.1961,13.0311,100.0,14.5358,38.3227,71.4286,14.5358,36.1251,71.4286,15.2072,18.9925,71.4286,13.7413,16.6573,85.7143,0.4227,0.3871,0.6893,0.7265,0.4675,0.4648
L50,les verts ATTAC tout ça c'est c'est retombé,spk2,gauche,1,seg_0736,2740.18,the greens ATTAC all that it has it has died down,the greens ATTAC all that has died down,,"The green, there was the fear of the green, the attacks, all that, it's over ...","Yes, no, not politically committed, not at all? All this was fine.",,,,,,,3.823,30.8862,136.3636,3.823,32.5242,175.0,2.287,16.3779,109.0909,2.287,14.7815,150.0,,,0.572,0.5196,0.4206,0.3878
L51,est-ce que cette politique là vous en voyez quelque chose sur le quartier,spk2,gauche,1,seg_0739,2709.62,that policy do you see something of it in the neighborhood,do you see anything of that policy in the neighborhood,Do you see anything in this political arena in the neighbourhood,"is this policy there, do you see something about the neighborhood",Is this policy sending you something on the neighborhood,17.5422,48.448,72.7273,27.9016,61.0898,50.0,26.2025,67.7634,54.5455,16.5904,56.6448,70.0,9.601,60.1934,63.6364,10.1471,54.9503,80.0,0.6495,0.6821,0.7992,0.7584,0.5719,0.5522
L52,tout ce que vous avez dit sur le changement de population le les difficultés à maintenir la population ça donne l'impression,spk2,gauche,1,seg_0745,2740.18,everything that you said about the change in population the the difficulties of maintaining the population it gives the impression,everything you said about the change in population and the difficulties of maintaining the population gives the impression,"everything you said about the change of population, the difficulty of the population, it gives the impression","everything you said about the change of population, the difficulty of the population, it gives the impression","everything you have said about the population’s change, the maintenance of the population, a municipality that is quite difficult to maintain, and which goes with it.",35.3844,68.3242,35.0,36.6588,72.1176,38.8889,35.3844,68.3242,35.0,36.6588,72.1176,38.8889,7.2328,53.8451,100.0,7.6049,56.5332,111.1111,0.7868,0.7819,0.7868,0.7819,0.6961,0.6683
L53,et nous les logements sociaux à Paris on ne voit pas beaucoup,spk1,gauche,1,seg_0749,2770-01-01 00:00:00,and us the social housing in Paris we don't see it that much,"and the social housing in Paris, we don't see it that much","and we social housing in Paris, we don't see much.",and we social housing in Paris ...,"and we, the social housing stores in Paris, are already social housing in Paris.",30.0392,64.5797,46.1538,59.6567,74.0184,33.3333,21.1792,47.5634,61.5385,21.1792,48.4952,66.6667,19.5827,49.2797,69.2308,23.0056,51.1579,66.6667,0.772,0.7573,0.5373,0.4899,0.4479,0.4101
L54,tout ce qui est collectif moi c'est vous voyez,spk1,gauche,1,seg_0757,2796-07-01 00:00:00,everything that is collective me it is you see,for me everything that is collective you see,"All that is collective, you see...","No, but everything that is collective, you see, it's ... No, but everything that is collective, you see, it's ... No, I don't see myself at all ...","But all that is collective, me, it’s collective, see",19.6407,50.061,66.6667,19.6407,51.2717,62.5,6.9283,55.2827,244.4444,6.6663,54.5612,287.5,14.3231,46.0911,77.7778,14.3231,44.912,87.5,0.7056,0.7546,0.5886,0.5697,0.6733,0.6147
L55,moi c'est pas les chiens qui me dérangent,spk1,gauche,1,seg_0770,2849.24,me it is not the dogs that bother me,it is not the dogs that bother me,I don't like dogs.,I'm not bothered by dogs,"My friends me, myself, who me, even even even if I donmememeespecialspecifics, even though even if me me me even although I don not very much, especially especially, even if myself, even precises me even even when I don’me me even as well me do not very special animals, even my me — I myself, myself myself, my me Me, me messing myself, Even even if almemespecialspecials species, even Although I don don not really bad a very many animals, especiallyespecialespecialespecial Especial Especial Special Myself, me personally, me, me Me Me, myself — My me, Me, Me Me MeMe, Me messing Me, even “especialespecial Specific Specific Specific My Special My Special Special My My Special Well, especially special My Special Precis My Special All Me, My Me Me — Me Mehon, me — Me me, mine, Messing Me Messing, even while even even Although me me don donespecialespecial special Special My special Special Me Special My Very Special My Especial Especial Especial My Special Me Especial Especial Me Me Special Special Special Me Me special My My My special My special special Special Special Animals Animals, especially My Me, I myself myself myself — Me myself, me myself, Me myself myself; Me Me me me, My My Me Mi Me Me Personal Me Me Mes Me MeMes Me Me mes Me Me colo Me Me even even, even me me know me me way way way, and me me special special special Me Special Me My Special Especial Special Special All My My Specific Specific Me Me My special Especial Especialespecial Especial My My Especial My Specific My special animals animals,especialespecial Me Me especially especially My My myself, My myself myself Me Meespecial Me, my Me Me myself — me Me me myself myself My My, Me My Me me Me My myself Me My, even myself myself even even where me meespecial special special specific Specific Specific Special My speci My Special special special animals Animals animals, me especially especially especially special specialespecialespecial My special especially My Special animals, special special Especial My specialespecial My My especially My special animal animals, My especially especially myself, especially myself myself me, especially Me Me I myself My myself My Me My My God Me Me mean Me Me alone, me My My me Me myself Me, also Me Meme Me Me Mine, eveneven even even my myself myself especially especiallyespecial myself myself special special myself myselfespecialespecial especially special Special special Specialespecial My Me special special",4.7998,13.0444,100.0,5.8625,13.9672,100.0,5.708,30.1618,88.8889,6.9717,32.2438,87.5,0.1006,1.7452,4566.6667,0.0909,1.635,5150.0,0.5799,0.6021,0.7404,0.7718,0.2936,0.2804
L56,le le le nettoyage des rues dans dans Paris ça va dans votre onzième,spk2,gauche,1,seg_0788,2900.32,the the the street cleaning in in Paris it is going OK in your eleventh,is the Paris street cleaning going OK in your eleventh,"cleaning the streets in Paris, is that okay?","The cleaning of the streets in Paris, is it okay in your 11th?","Toil on the streets, in your old age.",6.4005,35.531,80.0,6.2747,35.8452,90.0,9.1035,42.7575,60.0,6.9172,40.5045,100.0,5.6332,24.0526,86.6667,9.2875,24.6019,90.0,0.6082,0.6789,0.6839,0.7144,0.3474,0.3659
L57,les expos temporaires de Beaubourg on en a fait beaucoup,spk1,gauche,1,seg_0836,3128.68,the temporary exhibitions of Beaubourg we went to many of them,we went to many of the temporary exhibitions of Beaubourg,We did a lot of temporary exhibitions of Bobon.,"the temporary exhibitions of Bobours, we did a lot ...","We did a lot with Beaubourg Bour Bour BourBo Bour Bour’s temporary exports, we made a lot of it.",16.0585,48.4017,63.6364,17.7474,51.9288,50.0,20.448,54.4661,54.5455,20.448,58.332,70.0,2.5683,35.7409,145.4545,2.5683,37.3079,160.0,0.6423,0.6704,0.6266,0.6064,0.3948,0.4026
L58,Palais de Tokyo on l'a fait,spk1,gauche,1,seg_0843,3157.96,Palais de Tokyo we did it,we did Palais de Tokyo,"not Tokyo, we did it.","The Louvre, in the museums, the Tokyo Palais, we did it,","for how did we done it, we have done it.",26.2691,39.7733,66.6667,14.5358,31.4853,80.0,11.1149,49.2673,133.3333,6.2504,43.371,180.0,4.4569,16.1274,150.0,4.0272,14.0941,180.0,0.6316,0.5064,0.5965,0.5343,0.4491,0.3549
L59,le Louvre si on l'a fait quand même plusieurs oui,spk1,gauche,1,seg_0844,3161.54,the Louvre yes we did it several times yes,yes we did the Louvre several times yes,We've been to the Louvre several times.,"the Louvre too, we did it anyway, several times,","The Louvre, if we still did it",13.7843,53.1532,77.7778,34.5721,63.717,62.5,18.528,62.9885,44.4444,11.7312,59.7501,75.0,14.5752,31.2757,66.6667,13.1345,28.3157,100.0,0.7056,0.7097,0.7818,0.7406,0.4967,0.466
L60,et là le Paris monumental ça vous plaît,spk2,gauche,1,seg_0851,3197.94,and now monumental Paris do you like it,and now do you like monumental Paris,"And the monumental Paris, do you like it?","And there, the monumental Paris, did you like it?",And the monumental Paris? Did you pray for that?,32.4668,71.3681,37.5,20.5567,71.2986,57.1429,16.5904,62.2755,62.5,10.128,61.7155,85.7143,8.9138,47.5305,75.0,8.9138,52.4386,100.0,0.8473,0.822,0.7899,0.7404,0.5616,0.5961
L61,donc je l'envie à ce niveau là moi je bon je je vraiment,spk1,gauche,1,seg_0861,3231.22,so I envy her on that level me I well I I really,so I envy her on that level I really,I want to do it at this level.,So I want it at that level.,"I want me at that level where I am at this level.... my job at that mine, on that level.",3.6354,15.3557,92.3077,5.6698,17.8602,88.8889,8.3606,25.1555,76.9231,13.7843,30.4118,66.6667,6.3948,32.8895,130.7692,6.1098,34.3305,188.8889,0.4339,0.4702,0.4542,0.5091,0.4131,0.3867
L62,c'est Lisbonne par exemple j'en rêve parce que je la connais pas,spk1,gauche,2,seg_0867 + seg_0868,3256.82,it is Lisbon for example I dream of it because I do not know it,for example I dream of Lisbon because I do not know it,"No, because I don't know them. It's Lisbon, for example. I'm sure I wouldn't be disappointed.","It's Lisbon, for example. I dream of it because I don't know it,","Lisbon, for example, is where I know them. I can save save my dreams because I don’t know her",5.908,49.1071,100.0,5.908,49.875,116.6667,38.1371,74.2169,46.6667,15.4673,69.0373,58.3333,5.8097,49.3728,100.0,5.6189,53.6854,125.0,0.5908,0.5933,0.8184,0.7653,0.5457,0.5596
R01,à votre enfance dans euh le onzième c'était quoi une enfance de petite fille,spk2,droite,1,seg_0064,191.68,in your childhood in well the eleventh what was it a little girl's childhood,what was a little girl's childhood like in the eleventh,What was your childhood like?,"in the 11th, what was your childhood, your little daughter?",The eleventh was a little girl’s child.,6.0515,27.4974,78.5714,11.7868,35.7154,70.0,9.3051,38.1117,64.2857,9.6693,40.7005,80.0,7.8015,38.8424,64.2857,20.131,54.5856,60.0,0.5806,0.6558,0.619,0.6263,0.4578,0.5242
R02,les gens disaient mais c'est où ça la Bastille,spk1,droite,1,seg_0108,329.14,people used to say but where is that the Bastille,people used to say but where is the Bastille,"I said to myself, where is this? The Bastille?","people would say, but where is that, the Bastille?",This is where the Bastille is. But where is it?,10.128,43.349,60.0,10.128,46.9242,66.6667,27.092,65.2757,50.0,17.2422,64.5553,55.5556,15.8512,42.6172,60.0,15.8512,46.1402,66.6667,0.7141,0.6756,0.8381,0.8158,0.59,0.546
R03,c'est en train de changer à toute allure ces ce onzième,spk2,droite,1,seg_0130,398.08,it is changing very fast these this eleventh,this eleventh is changing very fast,It's changing at full speed.,because it's changing at full speed. This 11th...,"It’s changing at any moment, no.",5.8159,24.0253,87.5,8.1167,29.0258,100.0,4.0272,28.2916,75.0,4.0272,32.3862,116.6667,5.5224,24.598,87.5,5.5224,29.6062,100.0,0.6477,0.662,0.6904,0.6947,0.5015,0.5062
R04,c'est vrai c'est l'impression moi que ça me donne aujourd'hui,spk1,droite,1,seg_0164,486.88,it is true it is the impression me that it gives me today,it is true that is the impression that it gives me today,"In any case, it's true that it's the impression that it gives me today.","in any case, it's true that it's the impression that it gives me today.","Anyway? Today Today, Today, today, Today... Which Which Which Today Today Today? Today... Today Today.",27.2259,69.7681,61.5385,41.2118,82.9296,50.0,27.2259,70.1183,61.5385,41.2118,83.2798,50.0,1.3878,7.2738,107.6923,1.3878,7.8957,116.6667,0.7842,0.8193,0.7865,0.8133,0.2702,0.2733
R05,elle est où cette école rue Keller,spk1,droite,2,seg_0204 + seg_0205,620.98,where is it that school rue Keller,where is that school on rue Keller,"Didn't we say it? I've just come back from a game shop. Oh, shapes ethnicity? Oh yeah, basically. So I thought it was actually a game shop. By the way, his form was Court of 우리가. But you know, it's the other screen. So I either sort by worries me in public or want to focus on what sotto think I want to share. found at the time.","where is this school, Rue Keller",Where is this Rukeler school?,0.4448,11.0045,957.1429,0.4448,10.7786,957.1429,19.6407,54.6474,42.8571,19.6407,60.1684,42.8571,15.2072,35.3451,71.4286,15.2072,40.9593,71.4286,0.344,0.314,0.7565,0.7343,0.8133,0.8116
R06,donc j'ai fait l'école privée moi dans ce quartier dans le onzième,spk1,droite,1,seg_0214,639.42,so I attended a private school me in this neighborhood in the eleventh,so I attended a private school in this neighborhood in the eleventh,"So I did private school in this neighborhood, in the 11th.","So I went to private school in this neighborhood, in the 11th.","So, I made the private schools my own, in this quarter, in the eleventh, private schools... in this neighborhood.",19.029,55.7143,38.4615,37.0687,62.3529,33.3333,17.4938,56.5933,38.4615,34.0781,63.1802,33.3333,9.6151,61.9413,100.0,9.6151,63.0285,108.3333,0.825,0.8448,0.8331,0.8785,0.6158,0.6032
R07,et s- ça vous suffit ce qu'il y a justement le tissu euh théâtre MJC cinémas,spk2,droite,1,seg_0488,1538.2,and is it enough for you speaking of what there is the fabric well theater MJC cinemas,and speaking of is the fabric of theater MJC cinemas enough for you,"And it's enough for you to have the fabric, the theater, the MGC, the cinema...","And is it enough for you that there is, precisely, the fabric, theater, Mjc, cinema?","That’s enough for you, that there is, of course, the theater, theatre, entertainment, cinema,... theater.",9.2465,41.9243,70.5882,9.2465,48.1602,84.6154,28.9432,57.1789,58.8235,9.8461,46.9434,92.3077,7.6047,40.3005,82.3529,6.646,37.7754,100.0,0.5745,0.5712,0.6072,0.6172,0.508,0.5249
R08,vous êtes contente que ça existe toutes ces choses ou,spk2,droite,1,seg_0557,1786.91,are you happy that they exist all these things or,are you happy that all these things exist or,Are you happy that all these things exist?,Are you happy that all these things exist?,Are you happy that all these things exist?,39.9388,71.6762,30.0,86.334,91.5694,22.2222,39.9388,71.6762,30.0,86.334,91.5694,22.2222,39.9388,71.6762,30.0,86.334,91.5694,22.2222,0.8763,0.917,0.8763,0.917,0.8763,0.917
R09,on est souvent au bar nous bon c'est vrai qu'on aime bien etre au bar,spk1,droite,2,seg_0569 + seg_0570,1833.39,we are often at the bar us well it is true that we like being at the bar,we are often at the bar well it is true that we like being there,we go back to the bar. We like being at the bar.,we are often at the bar. we are often at the bar. It's true that we like to be at the bar,"we’re often at the bar. Well, it would be good if we liked each other so badly.",30.4543,40.6112,61.1111,17.2031,34.026,66.6667,34.5645,63.1883,55.5556,29.4564,60.2777,86.6667,13.7859,39.7856,77.7778,13.7859,43.2659,86.6667,0.7489,0.7373,0.6963,0.6354,0.5218,0.5104
R10,oui ben c'est très chaleureux un café,spk2,droite,1,seg_0583,1881.95,yes well it is very warm a cafe,yes well a cafe is very warm,"Yes, but it's very warm.","Yes, but it's very warm.","Yes, it is very charming! That very very Charming! Goodbye to you.",12.6007,36.0559,87.5,14.5358,36.621,85.7143,12.6007,36.0559,87.5,14.5358,36.621,85.7143,9.7824,28.5062,125.0,5.413,22.4989,157.1429,0.6507,0.652,0.6507,0.652,0.4603,0.406
R11,alors ça serait quoi les bons restos alors,spk2,droite,1,seg_0625,2069.57,so what would it be the good restaurants then,so what would the good restaurants be then,So what would it be like in the restaurant?,So what would be the good restaurants?,"Yes, yes, it’s for the first time, but not for the second time.",41.1134,59.05,44.4444,17.7474,51.5121,75.0,44.1248,74.3003,33.3333,35.9304,76.3378,37.5,2.287,15.1953,144.4444,2.287,14.9646,150.0,0.6535,0.6594,0.9039,0.925,0.3549,0.3514
R12,vous vous avez connu ça le chômage et les problèmes,spk2,droite,1,seg_0717,2564.84,you you have known that unemployment and the problems,have you known unemployment and problems,Have you ever experienced this?,"Did you know that, unemployment?","What did you know about this, the unemployment?",5.8545,11.0008,88.8889,16.2334,16.5594,66.6667,6.495,35.214,88.8889,7.8098,46.5469,83.3333,5.5224,37.3695,88.8889,4.99,45.5583,116.6667,0.451,0.5105,0.6105,0.6509,0.6817,0.7081
R13,est-ce que ça a un intérêt quelconque pour vous les batailles politiques de Paris,spk2,droite,1,seg_0738,2694-06-01 00:00:00,does it have any interest for you the political battles of Paris,do you have any interest in the political battles of Paris,Is the municipality interested in the Paris political battles?,"is it of any interest to you, the political battles in Paris","does it have any interest for you, the political battles in Paris",8.171,49.7634,83.3333,11.3551,55.1015,72.7273,16.7477,60.5398,41.6667,16.7477,65.4613,54.5455,59.2303,85.5553,16.6667,21.4016,71.9253,45.4545,0.7678,0.8103,0.9028,0.8627,0.9385,0.8849
R14,c'est vrai que c'est des bons repères l'école,spk1,droite,1,seg_0808,2967-08-01 00:00:00,it is true that it gives you good reference points school,it is true that school gives you good reference points,"It's true that it's the right landmarks, the school...","It's true that it's the good marks, the school","It’s true, it’s the good meals, the school...",6.8372,31.8317,81.8182,6.8372,29.4378,80.0,9.0304,34.5586,63.6364,9.9801,32.1733,70.0,4.0654,23.0821,90.9091,4.0654,23.953,100.0,0.4964,0.4785,0.576,0.5573,0.5686,0.5625
R15,le café La Renaissance que j'aime beaucoup moi qui est à place Voltaire,spk1,droite,1,seg_0813,2977.76,the cafe La Renaissance that I like a lot me which is place Voltaire,the cafe La Renaissance that I like a lot which is place Voltaire,"where the café La Renaissance was, which I really like, which is in Place Voltaire.","the café La Renaissance, which I really like, which is in Place Voltaire,","the Renaissance coffee coffee coffee, which I like, in the cafe, or in the coffee coffee that I remember, in Voltaire.",8.2335,57.0243,71.4286,8.2335,58.1102,69.2308,9.3756,57.2037,64.2857,9.3756,58.9458,61.5385,5.3773,45.3333,135.7143,5.3773,45.7292,146.1538,0.7535,0.8021,0.8039,0.8497,0.4607,0.4417
R16,si on l'a fait celui-là c'est immense hein enfin le musée Guimet,spk1,droite,1,seg_0835,3121.78,yes we did it that one it is huge right well the musée Guimet,yes we did the musée Guimet it is huge,"Yes, we did. It's huge.","Yes, we did it, it's huge, the Guimé Museum","If we did it to him, if we didn’t do it to himself, that’s terrible! At last, it seems immense to me.",6.2043,13.8381,92.8571,11.5912,21.3575,88.8889,12.6897,28.0026,78.5714,8.9138,35.6689,77.7778,5.5513,25.0165,128.5714,3.0717,16.5386,211.1111,0.4608,0.4453,0.7381,0.7556,0.363,0.3196
R17,à la fois c'est très petit Barcelone,spk1,droite,1,seg_0871,3269.66,at the same time it is very small Barcelona,at the same time Barcelona is very small,"at the same time, Barcelona is very small.","at the same time, it's very small, Barcelona.","Barcelona Barcelona BarcelonaBarcelona Barcelona Barcelona Barcelo Barcelona Barcelona, Barcelona Barcelona Bar Barcelona Barcelona. Barcelona Barcelona barcelo Barcelona Barcelona... Barcelona Barcelona Barca Barcelona Barcelona Bal Barcelona Barcelona Marcelo Barcelona Barcelona Sebastian Barcelona Barcelona Bas Barcelona Barcelona Barbara Barcelona Barcelona BAR Barcelona BarcelonaCB Barcelona Barcelona bar Barcelona Barcelona Barbosa Barcelona Barcelona Barba Barcelona Barcelona Bath Barcelona Barcelona Marcel Barcelona Barcelona Baro Barcelona Barcelona Bristol Barcelona Barcelona Valencia Barcelona Barcelona Bart Barcelona Barcelona Marcell Barcelona Barcelonabas Barcelona BarcelonaBC Barcelona Barcelona Ber Barcelona Barcelona Bac Barcelona Barcelona Bari Barcelona Barcelona Bilbao Barcelona Barcelona Bre Barcelona Barcelonabar Barcelona BarcelonaBar Barcelona Barcelona Barro Barcelona Barcelona Catalunya Barcelona Barcelona Barna Barcelona Barcelona BRU Barcelona Barcelona BC Barcelona Barcelona Bala Barcelona Barcelona Brussel Barcelona Barcelona Basketball Barcelona Barcelona Basel Barcelona BarcelonaBru Barcelona Barcelona Bis Barcelona Barcelo Barcelo Barcelo Barcelona BarceloBarcelona BarcelonaBarcelona Barcelo BarcelonaBarcelonaBarcelona Barcelona Barcelo, BarcelonaBarcelona, Barcelona Barcelo brunette Barcelona BarcelonaBal Barcelona Barcelona ‘ Barcelona Barcelona Brazil Barcelona Barcelona Anastasi Barcelona Barcelona very very very small Barcelona Barcelona Pablo Barcelona Barcelona Belo Barcelona Barcelona Barre Barcelona Barcelona Bruxelles Barcelona Barcelona Bár Barcelona Barcelona Cervantes Barcelona Barcelona BAL Barcelo Barcelona Bar Bar Barcelona Barcelo Bar BarcelonaBarcelona Bar Barcelona Bar Barcelo Barcelona Bal Bal Barcelona Barcelo well Barcelona BarcelonaBut Barcelona Barcelona Barbie Barcelona Barcelonabru Barcelona Barcelona But Barcelona Barcelona but Barcelona Barcelona Balo Barcelona Barcelona Bruno Barcelona Barcelona Nicolás Barcelona Barcelona Sebastián Barcelona Barcelona Carlos Barcelona Barcelona? Barcelona Barcelona Catal Barcelona Barcelona Pietro Barcelona Barcelona By Barcelona Barcelona Miquel Barcelona Barcelona – Barcelona Barcelona billet Barcelona Barcelona Barra Barcelona Barcelona Bri Barcelona Barcelona IB Barcelona Barcelona Bologna Barcelona Barcelona B Barcelona Barcelona Brun Barcelona Barcelona Bat Barcelona Barcelona Marseille Barcelona Barcelona Par Barcelona Barcelona bluetooth Barcelona Barcelona bachelor Barcelona Barcelona Bachelor Barcelona Barcelona Balti Barcelona Barcelona Cataluña Barcelona Barcelona Bluetooth Barcelona Barcelona Flores Barcelona Barcelona CBS Barcelona Barcelona Well, Barcelona BarBarcelona Barcelona BarcaBarcelona Barcelona Bar Bal BarcelonaBarcelona Barca Barcelona Barcelo... Barcelona Barcelo Barca BarcelonaBarcelona Bal Bal Bal Barcelo Barcelo Bar Bar Bar Barcelo BarceloBarcelonaBarcelonaBarcelona BarceloBarcelona Bar BarBarcelonaBarcelona Bar BarceloBarcelona Barcelo Barcelo Bal BalBarcelona Barcelona,Barcelona Barcelona Bal Barcelo Barcelona Barca Barcelo Barcelona...... BarcelonaBarcelona Barba Barba Barba Barcelona Barcelo Bal Barcelona Bar Barba BarbaBarcelona Barcelona... Bar Barcelona...Barcelona Barcelona Barba Barba Bar Barcelona Bal bal Barcelona Barcelona Alexandre Barcelona Barcelona Belle Barcelona Barcelonabut Barcelona Barcelona Picasso Barcelona Barcelona Beethoven Barcelona Barcelona Bes Barcelona Barcelona Bernardo Barcelona Barcelona Pelo Barcelona Barcelona Ves Barcelona Barcelona Bot Barcelona Barcelona Enrique Barcelona Barcelona CB Barcelona Barcelona Bour Barcelona BarcelonaBasbas Barcelona Barcelo Barba Barba Barcelo Barcelo......... Bar Bar Bal Bal Bar Barcelonabasbasbas BarcelonaBarcelona... Barcelo Barcelo Barba BarcelonaBarcelona Very very very pretty very very Pedro Barcelona BarcelonaBIS Barcelona Barcelona Catalan Barcelona Barcelona Marcos Barcelona Barcelonaレス Barcelona BarcelonaB Barcelona BarcelonaSB Barcelona Barcelona Bru Barcelona Barcelona Bos Barcelona Barcelona",39.2815,77.8469,44.4444,52.5382,90.2791,25.0,28.9978,74.832,55.5556,28.9978,77.6122,62.5,0.2711,2.6429,4944.4444,0.1612,2.3365,5562.5,0.873,0.938,0.8139,0.7493,0.184,0.1874
